,vaccine_time,vaccine_amount,A1-R1,A1-R2,A2-R1,A2-R2,A3-R1,A3-R2,A4-R1,A4-R2,A5-R1,A5-R2
597,12/13/20,0.0000000000,0,0,0,0,0,0,0,0,0,0
596,12/14/20,0.0000000000,0,0,0,0,0,0,0,0,0,0
595,12/15/20,0.0000000000,0,0,0,0,0,0,0,0,0,0
594,12/16/20,0.0000000000,0,0,0,0,0,0,0,0,0,0
593,12/17/20,0.0000000000,0,0,0,0,0,0,0,0,0,0
592,12/18/20,0.0000000000,0,0,0,0,0,0,0,0,0,0
591,12/19/20,0.0000000000,0,0,0,0,0,0,0,0,0,0
590,12/20/20,0.0000000000,0,0,0,0,0,0,0,0,0,0
589,12/21/20,0.0000000000,0,0,0,0,0,0,0,0,0,0
588,12/22/20,0.0000000000,0,0,0,0,0,0,0,0,0,0
587,12/23/20,0.0000000000,0,0,0,0,0,0,0,0,0,0
586,12/24/20,0.0075782694,0,2111,0,0,1.68794948,0.31205052,24277.53763,10674.46237,1179.908045,931.0919547
585,12/25/20,0.0005797446,0,169,0,0,0.84397474,0.15602526,1846.237555,811.7624448,94.45971561,74.54028439
584,12/26/20,0.0001288321,0,25,0,0,0,0,427.8714575,188.1285425,13.97333071,11.02666929
583,12/27/20,0.0000735078,0,27,0,0,0,0,226.4384661,99.56153386,15.09119717,11.90880283
582,12/28/20,0.0001038782,0,52,0,0,0,0,300.760294,132.239706,29.06452788,22.93547212
581,12/29/20,0.0003501294,0,165,0,0,0.84397474,0.15602526,1027.308256,451.6917441,92.22398269,72.77601731
580,12/30/20,0.0012271937,0,545,0,0,0.84397474,0.15602526,3648.71553,1604.28447,304.6186095,240.3813905
579,12/31/20,0.0016448342,0,936,0,0,3.375898959,0.624101041,4603.091151,2023.908849,523.1615018,412.8384982
578,1/1/21,0.0014353369,0,967,0,0,3.375898959,0.624101041,3807.778133,1674.221867,540.4884319,426.5115681
577,1/2/21,0.0005184236,0,555,0,0,2.53192422,0.46807578,1088.43275,478.5672502,310.2079418,244.7920582
576,1/3/21,0.0003156967,0,314,0,0,0,0,697.374908,306.625092,175.5050337,138.4949663
575,1/4/21,0.0003568998,0,207,0,0,0,0,993.9676228,437.0323772,115.6991783,91.30082171
574,1/5/21,0.0012776820,0,975,0,0,2.53192422,0.46807578,3231.26302,1420.73698,544.9598977,430.0401023
573,1/6/21,0.0018477545,0,1449,0,0,4.219873699,0.780126301,4618.372274,2030.627726,809.894248,639.105752
572,1/7/21,0.0015270282,0,1428,0,0,2.53192422,0.46807578,3497.293488,1537.706512,798.1566502,629.8433498
571,1/8/21,0.0011169320,0,1105,0,0,3.375898959,0.624101041,2472.763618,1087.236382,617.6212174,487.3787826
570,1/9/21,0.0018988231,0,1671,0,0,10.97167162,2.028328382,4487.788128,1973.211872,933.9774247,737.0225753
569,1/10/21,0.0012153938,0,1070,0,0,4.219873699,0.780126301,2874.240408,1263.759592,598.0585544,471.9414456
568,1/11/21,0.0008550120,0,704,0,0,1.68794948,0.31205052,2090.735531,919.2644691,393.4889928,310.5110072
567,1/12/21,0.0006052789,0,474,0,0,2.53192422,0.46807578,1512.831225,665.1687753,264.9343503,209.0656497
566,1/13/21,0.0016519915,0,1189,0,0,0.84397474,0.15602526,4279.409171,1881.590829,664.5716086,524.4283914
565,1/14/21,0.0021955625,0,2000,0,0,4.219873699,0.780126301,5101.811453,2243.188547,1117.866457,882.1335431
564,1/15/21,0.0018483348,0,1602,0,0,1.68794948,0.31205052,4409.993318,1939.006682,895.411032,706.588968
563,1/16/21,0.0026043047,0,3384,0,0,7.595772659,1.404227341,4644.072345,2041.927655,1891.430045,1492.569955
562,1/17/21,0.0019694293,0,2751,0,0,30.38309063,5.616909366,3225.011651,1417.988349,1537.625311,1213.374689
561,1/18/21,0.0011473023,0,1716,0,0,7.595772659,1.404227341,1729.54534,760.4546605,959.12942,756.87058
560,1/19/21,0.0010267882,0,1220,0,0,1.68794948,0.31205052,1990.713632,875.2863682,681.8985387,538.1014613
559,1/20/21,0.0023596010,0,3261,0,0,10.97167162,2.028328382,3933.500104,1729.499896,1822.681258,1438.318742
558,1/21/21,0.0022404410,0,2925,0,0,10.12769688,1.872303122,3973.092105,1746.907895,1634.879693,1290.120307
557,1/22/21,0.0031453609,0,4032,0,0,9.283722138,1.716277862,5685.272532,2499.727468,2253.618777,1778.381223
556,1/23/21,0.0040781365,0,6385,0,0,11.81564636,2.184353642,5763.761939,2534.238061,3568.788664,2816.211336
555,1/24/21,0.0032403408,0,6010,0,0,19.41141902,3.588580984,3270.160425,1437.839575,3359.188703,2650.811297
554,1/25/21,0.0020170159,0,3680,0,0,5.063848439,0.936151561,2126.159954,934.8400465,2056.874281,1623.125719
553,1/26/21,0.0026700749,0,4579,0,0,5.063848439,0.936151561,3222.233265,1416.766735,2559.355253,2019.644747
552,1/27/21,0.0034852379,0,5517,0,0,13.50359584,2.496404163,4839.253968,2127.746032,3083.634621,2433.365379
551,1/28/21,0.0041518378,0,6867,0,0,9.283722138,1.716277862,5360.895956,2357.104044,3838.19448,3028.80552
550,1/29/21,0.0052246650,0,8999,0,0,5.063848439,0.936151561,6254.84168,2750.15832,5029.840123,3969.159877
549,1/30/21,0.0058005408,0,10247,0,0,18.56744428,3.432555723,6577.829062,2892.170938,5727.388792,4519.611208
548,1/31/21,0.0044127905,0,7891,0,0,22.78731798,4.212682024,4864.259443,2138.740557,4410.542106,3480.457894
547,2/1/21,0.0018796723,0,3308,0,0,2.53192422,0.46807578,2151.860025,946.1399752,1848.95112,1459.04888
546,2/2/21,0.0033771040,0,5853,0,0,17.72346954,3.276530463,3980.732667,1750.267333,3271.436186,2581.563814
545,2/3/21,0.0053024286,0,8522,0,0,11.81564636,2.184353642,7191.157791,3161.842209,4763.228973,3758.771027
544,2/4/21,0.0054861981,0,9274,0,0,29.53911589,5.460884106,6791.764791,2986.235209,5183.546761,4090.453239
543,2/5/21,0.0071519240,0,12544,0,0,23.63129272,4.368707284,8235.136364,3620.863636,7011.258418,5532.741582
542,2/6/21,0.0062559024,0,10859,0,0,21.0993685,3.900631504,7360.639343,3236.360657,6069.455928,4789.544072
541,2/7/21,0.0057250985,0,9983,0,0,32.91501485,6.084985146,6661.875242,2929.124758,5579.83042,4403.16958
540,2/8/21,0.0018409840,0,3378,0,0,12.6596211,2.340378902,1907.362049,838.6379509,1888.076446,1489.923554
539,2/9/21,0.0058525766,0,10196,0,0,29.53911589,5.460884106,6826.494617,3001.505383,5698.883197,4497.116803
538,2/10/21,0.0048768570,0,8481,0,0,19.41141902,3.588580984,5713.750989,2512.249011,4740.312711,3740.687289
537,2/11/21,0.0050708789,0,8869,0,0,26.16321694,4.836783065,5865.867627,2579.132373,4957.178803,3911.821197
536,2/12/21,0.0000394621,0,76,0,0,0,0,36.11901914,15.88098086,42.47892536,33.52107464
535,2/13/21,0.0142403992,0,25656,0,0,28.69514115,5.304858845,15468.66454,6801.335457,14339.99091,11316.00909
534,2/14/21,0.0050076235,0,8098,0,0,10.97167162,2.028328382,6722.305139,2955.694861,4526.241284,3571.758716
533,2/15/21,0.0032652948,0,5237,0,0,12.6596211,2.340378902,4439.166371,1951.833629,2927.133317,2309.866683
532,2/16/21,0.0041883982,0,7180,0,0,27.85116641,5.148833585,5042.076152,2216.923848,4013.14058,3166.85942
531,2/17/21,0.0025271215,0,4031,0,0,9.283722138,1.716277862,3466.731241,1524.268759,2253.059844,1777.940156
530,2/18/21,0.0051799800,0,8879,0,0,15.19154532,2.808454683,6252.75789,2749.24211,4962.768135,3916.231865
529,2/19/21,0.0050662363,0,8400,0,0,19.41141902,3.588580984,6506.285621,2860.714379,4695.039119,3704.960881
528,2/20/21,0.0042108375,0,7163,0,0,16.8794948,3.120505203,5155.295386,2266.704614,4003.638715,3159.361285
527,2/21/21,0.0007203766,0,1217,0,0,4.219873699,0.780126301,892.5565306,392.4434694,680.221739,536.778261
526,2/22/21,0.0034923952,0,5127,0,0,27.00719167,4.992808325,5395.625782,2372.374218,2865.650662,2261.349338
525,2/23/21,0.0024015779,0,4153,0,0,10.97167162,2.028328382,2845.067354,1250.932646,2321.249698,1831.750302
524,2/24/21,0.0032155803,0,5343,0,0,10.12769688,1.872303122,4115.484392,1809.515608,2986.38024,2356.61976
523,2/25/21,0.0080204770,0,13348,0,0,54.01438335,9.98561665,10211.95806,4490.041935,7460.640733,5887.359267
522,2/26/21,0.0044228495,0,8089,0,0,23.63129272,4.368707284,4624.623643,2033.376357,4521.210885,3567.789115
521,2/27/21,0.0044056332,0,7375,0,0,24.47526746,4.524732545,5553.993789,2442.006211,4122.13256,3252.86744
520,2/28/21,0.0053039761,0,8026,0,0,39.66681277,7.333187227,7862.832628,3457.167372,4485.998092,3540.001908
519,3/1/21,0.0031983639,0,5376,0,0,15.19154532,2.808454683,4003.654352,1760.345648,3004.825036,2371.174964
518,3/2/21,0.0037620529,0,5545,0,0,35.44693907,6.553060927,5776.264676,2539.735324,3099.284752,2445.715248
517,3/3/21,0.0046892186,0,7172,0,0,25.3192422,4.680757805,6853.583882,3013.416118,4008.669114,3163.330886
516,3/4/21,0.0053817397,0,7918,0,0,29.53911589,5.460884106,8300.428437,3649.571563,4425.633303,3492.366697
515,3/5/21,0.0067658145,0,9654,0,0,86.9293982,16.0706018,10811.39486,4753.605137,5395.941387,4258.058613
514,3/6/21,0.0060081037,0,8983,0,0,39.66681277,7.333187227,9061.706225,3984.293775,5020.897191,3962.102809
513,3/7/21,0.0058709535,0,8347,0,0,54.01438335,9.98561665,9440.955926,4151.044074,4665.415658,3681.584342
512,3/8/21,0.0016597292,0,2477,0,0,25.3192422,4.680757805,2497.769093,1098.230907,1384.477607,1092.522393
511,3/9/21,0.0037628266,0,4810,0,0,56.54630757,10.45369243,6782.735036,2982.264964,2688.468829,2121.531171
510,3/10/21,0.0052515534,0,7345,0,0,50.63848439,9.361515609,8611.607679,3786.392321,4105.364563,3239.635437
509,3/11/21,0.0052888877,0,7331,0,0,44.73066121,8.269338788,8769.975685,3856.024315,4097.539498,3233.460502
508,3/12/21,0.0086261427,0,12664,0,0,38.82283803,7.177161967,13349.45055,5869.549446,7078.330405,5585.669595
507,3/13/21,0.0098399890,0,12299,0,0,94.52517086,17.47482914,18169.25582,7988.74418,6874.319777,5424.680223
506,3/14/21,0.0070319902,0,7734,0,0,76.80170133,14.19829867,14442.74548,6350.25452,4322.789589,3411.210411
505,3/15/21,0.0046027502,0,5985,0,0,46.41861069,8.581389309,8174.706466,3594.293534,3345.215372,2639.784628
504,3/16/21,0.0057782950,0,6636,0,0,54.85835809,10.14164191,11484.45889,5049.541107,3709.080904,2926.919096
503,3/17/21,0.0001820286,0,142,0,0,0,0,456.3499149,200.6500851,79.36851844,62.63148156
502,3/18/21,0.0077071015,0,8003,0,0,104.6528677,19.34713226,16470.27273,7241.727273,4473.142627,3529.857373
501,3/19/21,0.0156921787,0,15529,0,0,266.6960178,49.30398221,34554.09317,15192.90683,8679.674105,6849.325895
500,3/20/21,0.0002975132,0,202,0,0,2.53192422,0.46807578,785.5886663,345.4113337,112.9045121,89.09548785
499,3/21/21,0.0162823691,0,14031,0,0,337.5898959,62.41010406,38695.97224,17014.02776,7842.392128,6188.607872
498,3/22/21,0.0039197078,0,3840,0,0,72.58182763,13.41817237,8680.372734,3816.627266,2146.303597,1693.696403
497,3/23/21,0.0067946373,0,5362,0,0,157.8232764,29.17672365,16818.96018,7395.039819,2996.999971,2365.000029
496,3/24/21,0.0082282333,0,6473,0,0,205.0858618,37.91413822,20384.32413,8962.675872,3617.974788,2855.025212
495,3/25/21,0.0089234625,0,6690,0,0,219.4334324,40.56656764,22567.441,9922.559003,3739.263298,2950.736702
494,3/26/21,0.0093875290,0,7005,0,0,267.5399925,49.46000747,23756.59024,10445.40976,3915.327265,3089.672735
493,3/27/21,0.0092283265,0,6694,0,0,274.2917904,50.70820955,23611.41957,10381.58043,3741.499031,2952.500969
492,3/28/21,0.0074208079,0,5317,0,0,283.5755126,52.42448741,19026.38793,8365.612072,2971.847976,2345.152024
491,3/29/21,0.0031840493,0,1767,0,0,97.90106982,18.09893018,8897.781446,3912.218554,987.6350147,779.3649853
490,3/30/21,0.0071387700,0,4343,0,0,335.0579717,61.94202828,19324.36984,8496.630164,2427.447011,1915.552989
489,3/31/21,0.0087590371,0,4856,0,0,378.1006834,69.89931655,24394.22985,10725.77015,2714.179757,2141.820243
488,4/1/21,0.0084056192,0,4440,0,0,340.9657949,63.0342051,23733.66856,10435.33144,2481.663534,1958.336466
487,4/2/21,0.0093207916,0,4894,0,0,515.668566,95.33143396,26245.32958,11539.67042,2735.41922,2158.58078
486,4/3/21,0.0094579417,0,4597,0,0,530.8601114,98.13988864,27137.88611,11932.11389,2569.416051,2027.583949
485,4/4/21,0.0071774583,0,3410,0,0,492.8812481,91.11875193,20629.5167,9070.4833,1905.962309,1504.037691
484,4/5/21,0.0018367283,0,1237,0,0,134.1919836,24.80801637,4766.321333,2095.678667,691.4004036,545.5995964
483,4/6/21,0.0060431166,0,3216,0,0,381.4765824,70.52341759,16917.59289,7438.407113,1797.529263,1418.470737
482,4/7/21,0.0081348010,0,3822,0,0,526.6402377,97.35976234,23466.94349,10318.05651,2136.242799,1685.757201
481,4/8/21,0.0097049667,0,4463,0,0,606.8178379,112.1821621,28148.52405,12376.47595,2494.518999,1968.481001
480,4/9/21,0.0098125202,0,5096,0,0,712.3146804,131.6853196,27568.53595,12121.46405,2848.323732,2247.676268
479,4/10/21,0.0089518984,0,4349,0,0,788.272407,145.727593,25453.48954,11191.51046,2430.800611,1918.199389
478,4/11/21,0.0007269537,0,76,0,0,377.2567087,69.74329129,2194.230413,964.7695873,42.47892536,33.52107464
477,4/12/21,0.0116306781,0,4257,0,0,1482.019643,273.9803568,34629.1096,15225.8904,2379.378754,1877.621246
476,4/13/21,0.0061723356,0,2993,0,0,727.5062257,134.4937743,17406.58884,7653.411161,1672.887153,1320.112847
475,4/14/21,0.0073906310,0,3249,0,0,1228.827221,227.1727788,21012.93398,9239.06602,1815.974059,1433.025941
474,4/15/21,0.0070232853,0,3218,0,0,1425.473336,263.5266644,19575.11918,8606.88082,1798.647129,1419.352871
473,4/16/21,0.0086953948,0,3797,0,0,1615.367652,298.6323479,24618.58453,10824.41547,2122.269468,1674.730532
472,4/17/21,0.0080626472,0,3527,0,0,1544.473774,285.5262261,22779.98753,10016.01247,1971.357497,1555.642503
471,4/18/21,0.0060462117,0,2067,0,0,1528.438254,282.5617461,17580.93257,7730.067434,1155.314983,911.6850168
470,4/19/21,0.0033001142,0,1611,0,0,1009.393789,186.6062111,8781.08923,3860.91077,900.441431,710.558569
469,4/20/21,0.0038258886,0,1744,0,0,784.8965081,145.1034919,10669.00258,4690.997424,974.7795504,769.2204496
468,4/21/21,0.0068741418,0,2326,0,0,1456.700401,269.299599,20253.04539,8904.954614,1300.078689,1025.921311
467,4/22/21,0.0060881885,0,2329,0,0,1231.359145,227.6408546,17612.18941,7743.810591,1301.755489,1027.244511
466,4/23/21,0.0058864289,0,2292,0,0,1590.04841,293.9515901,16643.92186,7318.078142,1281.07496,1010.92504
465,4/24/21,0.0059187336,0,2213,0,0,1307.316872,241.683128,17102.35556,7519.644438,1236.919235,976.0807654
464,4/25/21,0.0001189666,0,37,0,0,43.88668647,8.113313528,339.6576992,149.3423008,20.68052945,16.31947055
463,4/26/21,0.0064814553,0,1919,0,0,2546.27179,470.7282099,18511.69191,8139.308095,1072.592865,846.4071346
462,4/27/21,0.0040930315,0,1774,0,0,952.8474813,176.1525187,11448.33987,5033.660126,991.5475473,782.4524527
461,4/28/21,0.0042201226,0,1866,0,0,905.5848959,167.4151041,11815.78143,5195.218566,1042.969404,823.0305957
460,4/29/21,0.0044849442,0,1830,0,0,1301.409049,240.5909512,12490.92925,5492.070747,1022.847808,807.1521919
459,4/30/21,0.0000324982,0,10,0,0,1.68794948,0.31205052,101.4110922,44.5889078,5.589332285,4.410667715
458,5/1/21,0.0081390567,0,3462,0,0,2242.440884,414.5591162,22570.21938,9923.780617,1935.026837,1526.973163
457,5/2/21,0.0023919058,0,738,0,0,919.0884917,169.9115083,6807.045915,2992.954085,412.4927226,325.5072774
456,5/3/21,0.0006046985,0,209,0,0,203.3979123,37.6020877,1713.56962,753.4303805,116.8170447,92.18295525
455,5/4/21,0.0021255367,0,983,0,0,627.9172064,116.0827936,5749.870008,2528.129992,549.4313636,433.5686364
454,5/5/21,0.0047625330,0,2591,0,0,1065.096122,196.9038783,12624.98638,5551.013618,1448.195995,1142.804005
453,5/6/21,0.0000224392,0,5,0,0,0.84397474,0.15602526,72.9326348,32.0673652,2.794666142,2.205333858
452,5/7/21,0.0064874520,0,3071,0,0,1804.417994,333.5820062,17543.42435,7713.575646,1716.483945,1354.516055
451,5/8/21,0.0035746079,0,1534,0,0,1098.855111,203.1448887,9800.062327,4308.937673,857.4035724,676.5964276
450,5/9/21,0.0036425059,0,1466,0,0,1225.451322,226.5486777,10034.14136,4411.858645,819.3961129,646.6038871
449,5/10/21,0.0030749482,0,1026,0,0,870.9819315,161.0180685,8899.170639,3912.829361,573.4654924,452.5345076
448,5/11/21,0.0024599972,0,1143,0,0,573.0588484,105.9411516,6773.705282,2978.294718,638.8606801,504.1393199
447,5/12/21,0.0027832382,0,1391,0,0,563.7751262,104.2248738,7597.496757,3340.503243,777.4761208,613.5238792
446,5/13/21,0.0026882584,0,1221,0,0,873.5138557,161.4861443,7237.695758,3182.304242,682.4574719,538.5425281
445,5/14/21,0.0033788450,0,1097,0,0,4765.081381,880.9186188,6686.880716,2940.119284,613.1497516,483.8502484
444,5/15/21,0.0000446850,0,19,0,0,9.283722138,1.716277862,126.416567,55.58343301,10.61973134,8.380268659
443,5/16/21,0.0091410843,0,2517,0,0,12383.64136,2289.358642,19134.74499,8413.255015,1406.834936,1110.165064
442,5/17/21,0.0016042115,0,337,0,0,2435.711099,450.2889008,3287.525338,1445.474662,188.360498,148.639502
441,5/18/21,0.0018347939,0,588,0,0,2545.427815,470.5721846,3676.49939,1616.50061,328.6527383,259.3472617
440,5/19/21,0.0044826229,0,1384,0,0,6032.73144,1115.26856,9208.266091,4048.733909,773.5635882,610.4364118
439,5/20/21,0.0000568718,0,20,0,0,25.3192422,4.680757805,155.5896209,68.41037909,11.17866457,8.821335431
438,5/21/21,0.0047787821,0,1306,0,0,6528.144613,1206.855387,9972.322265,4384.677735,729.9667964,576.0332036
437,5/22/21,0.0061191392,0,1712,0,0,6187.178818,1143.821182,14501.78618,6376.213816,956.8936871,755.1063129
436,5/23/21,0.0070818982,0,2303,0,0,7294.473676,1348.526324,16226.46935,7134.530652,1287.223225,1015.776775
435,5/24/21,0.0021067728,0,443,0,0,3156.465527,583.534473,4351.64721,1913.35279,247.6074202,195.3925798
434,5/25/21,0.0027530613,0,1007,0,0,2962.351337,547.6486632,6048.546513,2659.453487,562.8457611,444.1542389
433,5/26/21,0.0031353020,0,1389,0,0,2801.996136,518.0038637,7022.370836,3087.629164,776.3582543,612.6417457
432,5/27/21,0.0000452653,0,14,0,0,21.0993685,3.900631504,125.7219705,55.27802954,7.825065198,6.174934802
431,5/28/21,0.0000514555,0,15,0,0,16.8794948,3.120505203,150.0328487,65.96715127,8.383998427,6.616001573
430,5/29/21,0.0092619854,0,3522,0,0,8957.103914,1655.896086,20992.79068,9230.209319,1968.562831,1553.437169
429,5/30/21,0.0000166360,0,2,0,0,7.595772659,1.404227341,50.7055461,22.2944539,1.117866457,0.882133543
428,5/31/21,0.0020889762,0,522,0,0,2201.086122,406.9138785,4964.281342,2182.718658,291.7631453,230.2368547
427,6/1/21,0.0021069663,0,469,0,0,2255.100505,416.8994951,5058.051872,2223.948128,262.1396841,206.8603159
426,6/2/21,0.0012225511,0,494,0,0,1052.436501,194.5634994,2837.426792,1247.573208,276.1130149,217.8869851
425,6/3/21,0.0017941711,0,657,0,0,1821.297489,336.7025114,4030.743617,1772.256383,367.2191311,289.7808689
424,6/4/21,0.0000239868,0,3,0,0,10.12769688,1.872303122,73.62723132,32.37276868,1.676799685,1.323200315
423,6/5/21,0.0023979025,0,836,0,0,2111.624799,390.3752009,5710.972603,2511.027397,467.268179,368.731821
422,6/6/21,0.0041562869,0,1204,0,0,5090.855631,941.1443693,9061.706225,3984.293775,672.9556071,531.0443929
421,6/7/21,0.0011919873,0,290,0,0,1559.665319,288.3346808,2593.623413,1140.376587,162.0906363,127.9093637
420,6/8/21,0.0016705619,0,454,0,0,2196.866248,406.1337522,3559.807175,1565.192825,253.7556857,200.2443143
419,6/9/21,0.0020827861,0,711,0,0,2216.277667,409.7223332,4666.994031,2052.005969,397.4015254,313.5984746
418,6/10/21,0.0025598131,0,803,0,0,2544.583841,470.4161594,5981.865247,2630.134753,448.8233824,354.1766176
417,6/11/21,0.0016827488,0,635,0,0,1631.403172,301.5968279,3817.502484,1678.497516,354.9226001,280.0773999
416,6/12/21,0.0000189573,0,5,0,0,10.12769688,1.872303122,52.78933566,23.21066434,2.794666142,2.205333858
415,6/13/21,0.0024392990,0,758,0,0,2562.30731,473.6926898,5597.058773,2460.941227,423.6713872,334.3286128
414,6/14/21,0.0008501760,0,258,0,0,966.3510771,178.6489229,1899.026891,834.9731091,144.2047729,113.7952271
413,6/15/21,0.0000079311,0,2,0,0,1.68794948,0.31205052,24.31087827,10.68912173,1.117866457,0.882133543
412,6/16/21,0.0047108841,0,1564,0,0,4642.705044,858.2949561,10921.83571,4802.16429,874.1715693,689.8284307
411,6/17/21,0.0016848766,0,676,0,0,1600.176107,295.8238933,3793.886203,1668.113797,377.8388624,298.1611376
410,6/18/21,0.0020611206,0,687,0,0,1823.829413,337.1705872,4945.527236,2174.472764,383.9871279,303.0128721
409,6/19/21,0.0009410935,0,460,0,0,758.7332911,140.2667089,2115.741006,930.2589943,257.1092851,202.8907149
408,6/20/21,0.0016895192,0,515,0,0,1470.203997,271.7960032,4141.184464,1820.815536,287.8506127,227.1493873
407,6/21/21,0.0007381733,0,176,0,0,795.8681797,147.1318203,1751.077832,769.9221683,98.37224821,77.62775179
406,6/22/21,0.0010784371,0,476,0,0,921.6204159,170.3795841,2452.620319,1078.379681,266.0522167,209.9477833
405,6/23/21,0.0013713077,0,602,0,0,1072.691894,198.3081057,3204.868352,1409.131648,336.4778035,265.5221965
404,6/24/21,0.0015117464,0,720,0,0,1411.125765,260.874235,3266.687442,1436.312558,402.4319245,317.5680755
403,6/25/21,0.0019640129,0,702,0,0,2124.28442,392.7155798,4328.725524,1903.274476,392.3711264,309.6288736
402,6/26/21,0.0000309507,0,6,0,0,5.907823179,1.092176821,97.93810959,43.06189041,3.353599371,2.646400629
401,6/27/21,0.0043021419,0,1347,0,0,1808.637867,334.3621325,12088.06327,5314.936729,752.8830587,594.1169413
400,6/28/21,0.0050085907,0,1373,0,0,3003.706099,555.2939009,13605.06207,5981.937926,767.4153227,605.5846773
399,6/29/21,0.0011565875,0,415,0,0,1033.025082,190.9749184,2726.291348,1198.708652,231.9572898,183.0427102
398,6/30/21,0.0013887175,0,509,0,0,1156.245394,213.7546064,3327.811936,1463.188064,284.4970133,224.5029867
397,7/1/21,0.0013771110,0,602,0,0,1165.529116,215.4708843,3149.30063,1384.69937,336.4778035,265.5221965
396,7/2/21,0.0012424756,0,486,0,0,926.6842643,171.3157357,3023.57866,1329.42134,271.641549,214.358451
395,7/3/21,0.0002050481,0,101,0,0,68.36195393,12.63804607,539.7014975,237.2985025,56.45225607,44.54774393
394,7/4/21,0.0022089100,0,862,0,0,1801.88607,333.1139304,5251.149706,2308.850294,481.8004429,380.1995571
393,7/5/21,0.0000139278,0,4,0,0,5.063848439,0.936151561,40.28659827,17.71340173,2.235732914,1.764267086
392,7/6/21,0.0006108887,0,245,0,0,449.8385363,83.16146366,1482.963574,652.0364257,136.938641,108.061359
391,7/7/21,0.0005778102,0,305,0,0,370.5049108,68.49508921,1346.128059,591.8719406,170.4746347,134.5253653
390,7/8/21,0.0011012632,0,509,0,0,832.1590935,153.8409065,2562.366569,1126.633431,284.4970133,224.5029867
389,7/9/21,0.0000201179,0,9,0,0,15.19154532,2.808454683,47.23256349,20.76743651,5.030399056,3.969600944
388,7/10/21,0.0011857972,0,555,0,0,918.2445169,169.7554831,2731.153524,1200.846476,310.2079418,244.7920582
387,7/11/21,0.0011033911,0,526,0,0,840.5988409,155.4011591,2539.444884,1116.555116,293.9988782,232.0011218
386,7/12/21,0.0016666931,0,544,0,0,1496.367214,276.6327863,3997.402984,1757.597016,304.0596763,239.9403237
385,7/13/21,0.0013784651,0,546,0,0,1102.23101,203.7689898,3284.052356,1443.947644,305.1775427,240.8224573
384,7/14/21,0.0012333838,0,586,0,0,1049.060602,193.9393984,2751.296823,1209.703177,327.5348719,258.4651281
383,7/15/21,0.0010836600,0,483,0,0,980.6986477,181.3013523,2413.028317,1060.971683,269.9647493,213.0352507
382,7/16/21,0.0010625749,0,465,0,0,883.6415526,163.3584474,2442.201371,1073.798629,259.9039512,205.0960488
381,7/17/21,0.0010766961,0,450,0,0,962.9751782,178.0248218,2448.45274,1076.54726,251.5199528,198.4800472
380,7/18/21,0.0000133475,0,10,0,0,7.595772659,1.404227341,27.78386088,12.21613912,5.589332285,4.410667715
379,7/19/21,0.0015107791,0,499,0,0,1380.742674,255.2573256,3595.231597,1580.768403,278.907681,220.092319
378,7/20/21,0.0009370313,0,372,0,0,822.0313966,151.9686034,2171.308727,954.6912725,207.923161,164.076839
377,7/21/21,0.0013436456,0,545,0,0,1179.032712,217.9672884,3097.205891,1361.794109,304.6186095,240.3813905
376,7/22/21,0.0012958655,0,508,0,0,1175.656813,217.3431874,2979.819079,1310.180921,283.9380801,224.0619199
375,7/23/21,0.0009503787,0,501,0,0,772.236887,142.763113,2081.01118,914.9888204,280.0255475,220.9744525
374,7/24/21,0.0000377211,0,6,0,0,16.03552006,2.964479943,113.9138296,50.08617041,3.353599371,2.646400629
373,7/25/21,0.0011057124,0,545,0,0,929.2161886,171.7838114,2448.45274,1076.54726,304.6186095,240.3813905
372,7/26/21,0.0012393805,0,431,0,0,1062.564197,196.4358025,2977.040693,1308.959307,240.9002215,190.0997785
371,7/27/21,0.0008211597,0,379,0,0,728.3502005,134.6497995,1822.621273,801.3787265,211.8356936,167.1643064
370,7/28/21,0.0014985923,0,626,0,0,1295.501226,239.4987743,3445.198749,1514.801251,349.892201,276.107799
369,7/29/21,0.0028178643,0,969,0,0,2520.108573,465.8914268,6697.994261,2945.005739,541.6062984,427.3937016
368,7/30/21,0.0014279861,0,664,0,0,1210.259777,223.7402231,3209.035931,1410.964069,371.1316637,292.8683363
367,7/31/21,0.0000266949,0,5,0,0,16.8794948,3.120505203,75.01642437,32.98357563,2.794666142,2.205333858
366,8/1/21,0.0031447806,0,1356,0,0,2649.236708,489.7632916,7227.971407,3178.028593,757.9134578,598.0865422
365,8/2/21,0.0007596453,0,234,0,0,589.9383432,109.0616568,1917.0864,842.9135996,130.7903755,103.2096245
364,8/3/21,0.0012550493,0,422,0,0,927.5282391,171.4717609,3156.941192,1388.058808,235.8698224,186.1301776
363,8/4/21,0.0015601068,0,689,0,0,1261.742236,233.2577639,3606.345142,1585.654858,385.1049944,303.8950056
362,8/5/21,0.0014788613,0,537,0,0,1236.422994,228.5770061,3546.609841,1559.390159,300.1471437,236.8528563
361,8/6/21,0.0015442446,0,597,0,0,1357.111382,250.8886183,3598.70458,1582.29542,333.6831374,263.3168626
360,8/7/21,0.0014813760,0,606,0,0,1261.742236,233.2577639,3438.94738,1512.05262,338.7135364,267.2864636
359,8/8/21,0.0016022770,0,669,0,0,1141.897823,211.102177,3884.18375,1707.81625,373.9263298,295.0736702
358,8/9/21,0.0009381919,0,245,0,0,871.8259063,161.1740937,2310.922628,1016.077372,136.938641,108.061359
357,8/10/21,0.0009596639,0,373,0,0,775.6127859,143.3872141,2289.390136,1006.609864,208.4820942,164.5179058
356,8/11/21,0.0009281330,0,449,0,0,819.4994724,151.5005276,2034.473213,894.5267874,250.9610196,198.0389804
355,8/12/21,0.0022147132,0,1040,0,0,1357.955356,251.0446436,5390.06901,2369.93099,581.2905576,458.7094424
354,8/13/21,0.0015837066,0,700,0,0,1072.691894,198.3081057,3831.394415,1684.605585,391.2532599,308.7467401
353,8/14/21,0.0000330785,0,11,0,0,11.81564636,2.184353642,93.77053046,41.22946954,6.148265513,4.851734487
352,8/15/21,0.0033246813,0,1163,0,0,2590.158477,478.8415234,8190.682186,3601.317814,650.0393447,512.9606553
351,8/16/21,0.0010010604,0,390,0,0,605.1298885,111.8701115,2554.726008,1123.273992,217.9839591,172.0160409
350,8/17/21,0.0009190412,0,401,0,0,745.2296953,137.7703047,2129.632936,936.3670639,224.1322246,176.8677754
349,8/18/21,0.0013689864,0,699,0,0,1023.741359,189.2586406,3102.068067,1363.931933,390.6943267,308.3056733
348,8/19/21,0.0013649242,0,725,0,0,997.5781425,184.4218575,3072.895013,1351.104987,405.2265906,319.7734094
347,8/20/21,0.0012182954,0,671,0,0,881.1096284,162.8903716,2717.261594,1194.738406,375.0441963,295.9558037
346,8/21/21,0.0000404293,0,25,0,0,19.41141902,3.588580984,94.46512698,41.53487302,13.97333071,11.02666929
345,8/22/21,0.0022648146,0,1140,0,0,1755.467459,324.5325411,5103.895243,2244.104757,637.1838804,502.8161196
344,8/23/21,0.0006720162,0,264,0,0,525.7962629,97.20373708,1613.54772,709.4522796,147.5583723,116.4416277
343,8/24/21,0.0008619759,0,409,0,0,644.7967012,119.2032988,1996.270404,877.7295961,228.6036904,180.3963096
342,8/25/21,0.0012682033,0,664,0,0,852.4144872,157.5855128,2929.808129,1288.191871,371.1316637,292.8683363
341,8/26/21,0.0012097840,0,568,0,0,846.5066641,156.4933359,2858.264688,1256.735312,317.4740738,250.5259262
340,8/27/21,0.0012045610,0,604,0,0,762.1091901,140.8908099,2858.959284,1257.040716,337.59567,266.40433
339,8/28/21,0.0012945114,0,597,0,0,881.9536031,163.0463969,3093.038312,1359.961688,333.6831374,263.3168626
338,8/29/21,0.0000342392,0,18,0,0,17.72346954,3.276530463,83.35158263,36.64841737,10.06079811,7.939201888
337,8/30/21,0.0020820123,0,771,0,0,1580.764688,292.2353123,5103.895243,2244.104757,430.9375191,340.0624809
336,8/31/21,0.0009178805,0,391,0,0,588.2503937,108.7496063,2268.552241,997.4477595,218.5428923,172.4571077
335,9/1/21,0.0012281609,0,618,0,0,529.1721619,97.82783812,3115.959997,1370.040003,345.4207352,272.5792648
334,9/2/21,0.0011780595,0,547,0,0,547.7396062,101.2603938,3019.411081,1327.588919,305.736476,241.263524
333,9/3/21,0.0011687743,0,512,0,0,463.3421322,85.65786783,3104.151856,1364.848144,286.173813,225.826187
332,9/4/21,0.0011755448,0,513,0,0,501.3209955,92.67900453,3095.816698,1361.183302,286.7327462,226.2672538
331,9/5/21,0.0000324982,0,19,0,0,10.12769688,1.872303122,81.96238958,36.03761042,10.61973134,8.380268659
330,9/6/21,0.0018502692,0,646,0,0,1209.415802,223.5841978,4751.04021,2088.95979,361.0708656,284.9291344
329,9/7/21,0.0005834200,0,183,0,0,375.5687592,69.43124077,1531.585331,673.4146692,102.2847808,80.71521919
328,9/8/21,0.0000274687,0,8,0,0,13.50359584,2.496404163,76.40561741,33.59438259,4.471465828,3.528534172
327,9/9/21,0.0015579789,0,705,0,0,687.839413,127.160587,4048.803126,1780.196874,394.0479261,310.9520739
326,9/10/21,0.0010660568,0,455,0,0,471.7818796,87.21812043,2807.559142,1234.440858,254.3146189,200.6853811
325,9/11/21,0.0000334654,0,18,0,0,3.375898959,0.624101041,92.38133741,40.61866259,10.06079811,7.939201888
324,9/12/21,0.0010178899,0,455,0,0,439.7108395,81.28916054,2660.999275,1170.000725,254.3146189,200.6853811
323,9/13/21,0.0016194933,0,574,0,0,1121.642429,207.3575707,4094.646497,1800.353503,320.8276731,253.1723269
322,9/14/21,0.0007503601,0,323,0,0,449.8385363,83.16146366,1875.410609,824.5893909,180.5354328,142.4645672
321,9/15/21,0.0010693453,0,479,0,0,452.3704606,83.62953944,2802.002369,1231.997631,267.7290164,211.2709836
320,9/16/21,0.0013827208,0,545,0,0,444.7746879,82.2253121,3841.813363,1689.186637,304.6186095,240.3813905
319,9/17/21,0.0009296805,0,422,0,0,431.2710921,79.72890794,2397.052597,1053.947403,235.8698224,186.1301776
318,9/18/21,0.0009056937,0,393,0,0,446.4626374,82.53736262,2338.706489,1028.293511,219.6607588,173.3392412
317,9/19/21,0.0008401170,0,326,0,0,532.5480608,98.45193916,2125.465357,934.534643,182.2122325,143.7877675
316,9/20/21,0.0006048920,0,231,0,0,391.6042793,72.39572071,1528.806945,672.1930553,129.1135758,101.8864242
315,9/21/21,0.0000096721,0,7,0,0,0,0,25.00547479,10.99452521,3.912532599,3.087467401
314,9/22/21,0.0005698790,0,268,0,0,297.9230832,55.07691684,1428.785046,628.2149545,149.7941052,118.2058948
313,9/23/21,0.0010039621,0,481,0,0,481.0656017,88.93439829,2540.834077,1117.165923,268.8468829,212.1531171
312,9/24/21,0.0006867178,0,354,0,0,343.4977191,63.50228088,1691.342531,743.6574692,197.8623629,156.1376371
311,9/25/21,0.0010182768,0,547,0,0,437.1789152,80.82108476,2536.666498,1115.333502,305.736476,241.263524
310,9/26/21,0.0009424476,0,591,0,0,388.2283803,71.77161967,2243.546766,986.4532343,330.329538,260.670462
309,9/27/21,0.0008702939,0,671,0,0,459.1222585,84.87774153,1814.980712,798.0192883,375.0441963,295.9558037
308,9/28/21,0.0007368192,0,817,0,0,270.9158915,50.08410851,1287.781952,566.2180484,456.6484476,360.3515524
307,9/29/21,0.0012490526,0,1125,0,0,416.9235215,77.07647852,2579.036886,1133.963114,628.799882,496.200118
306,9/30/21,0.0006735638,0,601,0,0,272.603841,50.39615903,1359.325393,597.6746066,335.9188703,265.0811297
305,10/1/21,0.0009349034,0,896,0,0,313.1146285,57.88537152,1854.572713,815.4272865,500.8041727,395.1958273
304,10/2/21,0.0005238399,0,373,0,0,182.2985438,33.70145619,1212.765527,533.2344728,208.4820942,164.5179058
303,10/3/21,0.0014322418,0,1454,0,0,432.1150668,79.8849332,2767.272543,1216.727457,812.6889142,641.3110858
302,10/4/21,0.0021019368,0,2043,0,0,654.9243981,121.0756019,4170.357517,1833.642483,1141.900586,901.0994143
301,10/5/21,0.0006629245,0,582,0,0,248.1285735,45.87142649,1367.660552,601.3394484,325.299139,256.700861
300,10/6/21,0.0009552148,0,751,0,0,286.9514115,53.04858845,2150.470832,945.5291682,419.7588546,331.2411454
299,10/7/21,0.0007522945,0,681,0,0,235.4689524,43.53104758,1561.452981,686.5470188,380.6335286,300.3664714
298,10/8/21,0.0024369777,0,1919,0,0,614.4136106,113.5863894,5578.999264,2453.000736,1072.592865,846.4071346
297,10/9/21,0.0010451651,0,919,0,0,282.7315378,52.26846215,2243.546766,986.4532343,513.6596369,405.3403631
296,10/10/21,0.0010937190,0,911,0,0,317.3345022,58.66549782,2400.52558,1055.47442,509.1881711,401.8118289
295,10/11/21,0.0007275340,0,605,0,0,278.5116641,51.48833585,1542.698875,678.3011249,338.1546032,266.8453968
294,10/12/21,0.0005095253,0,412,0,0,186.5184175,34.48158249,1103.713873,485.2861267,230.2804901,181.7195099
293,10/13/21,0.0000297900,0,33,0,0,2.53192422,0.46807578,59.04070436,25.95929564,18.44479654,14.55520346
292,10/14/21,0.0000566784,0,63,0,0,0,0,115.9976192,51.00238084,35.21279339,27.78720661
291,10/15/21,0.0000545505,0,56,0,0,4.219873699,0.780126301,114.6084261,50.39157389,31.30026079,24.69973921
290,10/16/21,0.0000466194,0,45,0,0,7.595772659,1.404227341,98.63270611,43.36729389,25.15199528,19.84800472
289,10/17/21,0.0000578390,0,66,0,0,2.53192422,0.46807578,113.9138296,50.08617041,36.88959308,29.11040692
288,10/18/21,0.0000305638,0,34,0,0,6.751797919,1.248202081,56.9569148,25.0430852,19.00372977,14.99627023
287,10/19/21,0.0000284359,0,22,0,0,3.375898959,0.624101041,68.76505567,30.23494433,12.29653103,9.703468974
286,10/20/21,0.0000375277,0,45,0,0,1.68794948,0.31205052,70.84884523,31.15115477,25.15199528,19.84800472
285,10/21/21,0.0000369474,0,30,0,0,1.68794948,0.31205052,89.60295132,39.39704868,16.76799685,13.23200315
284,10/22/21,0.0010716666,0,452,0,0,314.802578,58.19742204,2961.064973,1301.935027,252.6378193,199.3621807
283,10/23/21,0.0000557112,0,59,0,0,6.751797919,1.248202081,112.5246365,49.47536345,32.97706048,26.02293952
282,10/24/21,0.0000611276,0,84,0,0,0.84397474,0.15602526,102.1056887,44.89431128,46.95039119,37.04960881
281,10/25/21,0.0000603538,0,91,0,0,4.219873699,0.780126301,86.82456524,38.17543476,50.86292379,40.13707621
280,10/26/21,0.0000779570,0,88,0,0,7.595772659,1.404227341,151.4220418,66.57795823,49.1861241,38.8138759
279,10/27/21,0.0000686718,0,79,0,0,1.68794948,0.31205052,135.4463218,59.55367823,44.15572505,34.84427495
278,10/28/21,0.0001201273,0,167,0,0,7.595772659,1.404227341,193.0978331,84.90216691,93.34184915,73.65815085
277,10/29/21,0.0000000000,0,0,0,0,0,0,0,0,0,0
276,10/30/21,0.0016488965,0,1939,0,0,241.3767756,44.6232244,3028.440835,1331.559165,1083.77153,855.22847
275,10/31/21,0.0021025171,0,2089,0,0,468.4059806,86.59401939,4262.044258,1873.955742,1167.611514,921.3884858
274,11/1/21,0.0011341483,0,1114,0,0,231.2490787,42.75092128,2334.53891,1026.46109,622.6516165,491.3483835
273,11/2/21,0.0008749365,0,880,0,0,197.4900891,36.50991088,1756.634604,772.3653961,491.861241,388.138759
272,11/3/21,0.0014359172,0,1600,0,0,309.7387295,57.26127048,2678.364188,1177.635812,894.2931655,705.7068345
271,11/4/21,0.0016065328,0,1571,0,0,335.9019465,62.09805354,3309.752427,1455.247573,878.0841019,692.9158981
270,11/5/21,0.0008733890,0,943,0,0,149.383529,27.61647105,1703.150672,748.8493283,527.0740344,415.9259656
269,11/6/21,0.0014842776,0,1439,0,0,254.0363967,46.96360331,3121.516769,1372.483231,804.3049157,634.6950843
268,11/7/21,0.0016390310,0,1580,0,0,289.4833358,53.51666423,3452.144714,1517.855286,883.114501,696.885499
267,11/8/21,0.0018854756,0,1600,0,0,406.7958246,75.2041754,4212.727905,1852.272095,894.2931655,705.7068345
266,11/9/21,0.0005954133,0,535,0,0,119.8444131,22.15558694,1296.11711,569.8828901,299.0292772,235.9707228
265,11/10/21,0.0010855944,0,834,0,0,352.7814413,65.21855875,2449.147336,1076.852664,466.1503125,367.8496875
264,11/11/21,0.0019055935,0,1676,0,0,325.7742496,60.22575042,4246.068538,1866.931462,936.7720909,739.2279091
263,11/12/21,0.0000512620,0,51,0,0,0.84397474,0.15602526,112.5246365,49.47536345,28.50559465,22.49440535
262,11/13/21,0.0001470156,0,124,0,0,4.219873699,0.780126301,352.1604366,154.8395634,69.30772033,54.69227967
261,11/14/21,0.0041524181,0,3531,0,0,1476.11182,272.88818,8790.118985,3864.881015,1973.59323,1557.40677
260,11/15/21,0.0011871513,0,699,0,0,680.2436403,125.7563597,2731.848121,1201.151879,390.6943267,308.3056733
259,11/16/21,0.0007594518,0,728,0,0,189.8943165,35.10568354,1559.369192,685.6308083,406.9033903,321.0966097
258,11/17/21,0.0013881372,0,1250,0,0,384.0085066,70.99149337,2931.891919,1289.108081,698.6665356,551.3334644
257,11/18/21,0.0000000000,0,0,0,0,0,0,0,0,0,0
256,11/19/21,0.0022311558,0,1853,0,0,476.845728,88.15427199,5044.854539,2218.145461,1035.703272,817.2967277
255,11/20/21,0.0017972662,0,1485,0,0,468.4059806,86.59401939,4005.043545,1760.956455,830.0158443,654.9841557
254,11/21/21,0.0017711516,0,1303,0,0,558.7112778,103.2887222,4089.784321,1798.215679,728.2899967,574.7100033
253,11/22/21,0.0014782810,0,1072,0,0,298.7670579,55.2329421,3573.004509,1570.995491,599.1764209,472.8235791
252,11/23/21,0.0013417112,0,1086,0,0,189.0503417,34.94965828,3153.468209,1386.531791,607.0014861,478.9985139
251,11/24/21,0.0025443378,0,1715,0,0,1815.389665,335.6103346,5259.484864,2312.515136,958.5704868,756.4295132
250,11/25/21,0.0000000000,0,0,0,0,0,0,0,0,0,0
249,11/26/21,0.0000000000,0,0,0,0,0,0,0,0,0,0
248,11/27/21,0.0000000000,0,0,0,0,0,0,0,0,0,0
247,11/28/21,0.0000000000,0,0,0,0,0,0,0,0,0,0
246,11/29/21,0.0059160254,0,3996,0,0,1319.132518,243.8674816,14605.97566,6422.024338,2233.497181,1762.502819
245,11/30/21,0.0008938938,0,682,0,0,141.7877563,26.21224371,2145.608656,943.3913439,381.1924618,300.8075382
244,12/1/21,0.0011567810,0,761,0,0,315.6465527,58.3534473,2836.732195,1247.267805,425.3481869,335.6518131
243,12/2/21,0.0000000000,0,0,0,0,0,0,0,0,0,0
242,12/3/21,0.0013987764,0,1012,0,0,443.0867384,81.91326158,3252.100916,1429.899084,565.6404272,446.3595728
241,12/4/21,0.0024060270,0,1477,0,0,401.7319762,74.26802383,6256.925469,2751.074531,825.5443784,651.4556216
240,12/5/21,0.0022123919,0,1188,0,0,351.9374665,65.06253349,6004.092335,2639.907665,664.0126754,523.9873246
239,12/6/21,0.0012552428,0,691,0,0,252.3484472,46.65155279,3339.620077,1468.379923,386.2228609,304.7771391
238,12/7/21,0.0010178899,0,642,0,0,138.4118573,25.58814267,2649.191135,1164.808865,358.8351327,283.1648673
237,12/8/21,0.0257807401,0,1286,107853.7011,15983.29894,415.235572,76.764428,4426.663634,1946.336366,718.7881318,567.2118682
236,12/9/21,0.0002075629,0,0,934.5108589,138.4891411,0,0,0,0,0,0
235,12/10/21,0.0024358170,0,1367,1723.575946,255.4240543,375.5687592,69.43124077,5163.630544,2270.369456,764.0617233,602.9382767
234,12/11/21,0.0027509335,0,1194,2004.016297,296.9837033,398.3560772,73.64392279,6293.044488,2766.955512,667.3662748,526.6337252
233,12/12/21,0.0022369590,0,1027,1897.762499,281.2375009,414.3915973,76.60840274,4751.04021,2088.95979,574.0244256,452.9755744
232,12/13/21,0.0016645652,0,672,1743.607399,258.3926006,319.8664264,59.1335736,3389.631027,1490.368973,375.6031295,296.3968705
231,12/14/21,0.0007662223,0,357,884.8676912,131.1323088,122.3763373,22.62366272,1448.928345,637.0716553,199.5391626,157.4608374
230,12/15/21,0.0021443005,0,819,1708.770089,253.2299113,495.4131723,91.58682771,4791.326808,2106.673192,457.7663141,361.2336859
229,12/16/21,0.0000000000,0,0,0,0,0,0,0,0,0,0
228,12/17/21,0.0023321323,0,1144,1460.55425,216.4457499,396.6681277,73.33187227,5293.520093,2327.479907,639.4196134,504.5803866
227,12/18/21,0.0026524717,0,1432,1485.8113,220.1886996,400.8880014,74.11199857,6020.068055,2646.931945,800.3923831,631.6076169
226,12/19/21,0.0027633137,0,1461,1620.805879,240.1941208,500.4770207,92.52297927,6188.160414,2720.839586,816.6014468,644.3985532
225,12/20/21,0.0017075093,0,618,1733.156206,256.8437938,312.2706537,57.72934626,3633.434406,1597.565594,345.4207352,272.5792648
224,12/21/21,0.0021112220,0,624,1023.346001,151.6539989,367.1290118,67.87098817,5595.66958,2460.33042,348.7743346,275.2256654
223,12/22/21,0.0019659473,0,846,1305.528218,193.4717824,530.8601114,98.13988864,4405.825738,1937.174262,472.8575113,373.1424887
222,12/23/21,0.0001779663,0,0,801.2581456,118.7418544,0,0,0,0,0,0
221,12/24/21,0.0028143823,0,1077,1913.439289,283.5607111,805.9958765,149.0041235,6420.155652,2822.844348,601.971087,475.028913
220,12/25/21,0.0000379146,0,20,2.612798301,0.387201699,8.439747398,1.560252602,99.32730263,43.67269737,11.17866457,8.821335431
219,12/26/21,0.0000077377,0,0,0,0,0.84397474,0.15602526,27.08926435,11.91073565,0,0
218,12/27/21,0.0045037081,0,1776,2961.171408,438.8285925,1011.081738,186.9182617,10510.63457,4621.365431,992.6654137,783.3345863
217,12/28/21,0.0004955975,0,164,278.6984854,41.30151459,91.1492719,16.8507281,1254.441319,551.5586815,91.66504947,72.33495053
216,12/29/21,0.0019388655,0,902,1213.209344,179.7906557,512.2926671,94.70733292,4319.69577,1899.30423,504.1577721,397.8422279
215,12/30/21,0.0003085394,0,0,1389.137763,205.8622368,0,0,0,0,0,0
214,12/31/21,0.0031041579,0,947,2713.826502,402.1734983,881.1096284,162.8903716,6941.103043,3051.896957,529.3097673,417.6902327
213,1/1/22,0.0000241802,0,9,2.612798301,0.387201699,5.063848439,0.936151561,68.07045915,29.92954085,5.030399056,3.969600944
212,1/2/22,0.0000000000,0,0,0,0,0,0,0,0,0,0
211,1/3/22,0.0046542057,0,1544,3598.694193,533.3058071,1292.125327,238.8746733,10633.57815,4675.421846,862.9929047,681.0070953
210,1/4/22,0.0004990794,0,260,197.7017381,29.29826191,128.2841605,23.71583954,1167.616753,513.3832467,145.3226394,114.6773606
209,1/5/22,0.0020315240,0,574,1939.567272,287.4327281,718.2225036,132.7774964,4359.287771,1916.712229,320.8276731,253.1723269
208,1/6/22,0.0030981612,0,1201,2479.545587,367.4544126,964.6631276,178.3368724,6684.796927,2939.203073,671.2788074,529.7211926
207,1/7/22,0.0004689025,0,0,2111.141027,312.858973,0,0,0,0,0,0
206,1/8/22,0.0025485935,0,635,2846.208282,421.7917177,838.0669167,154.9330833,5309.495813,2334.504187,354.9226001,280.0773999
205,1/9/22,0.0027739530,0,652,3427.120438,507.8795622,957.067355,176.932645,5533.85049,2433.14951,364.424465,287.575535
204,1/10/22,0.0016461883,0,329,1767.993517,262.0064832,755.3573922,139.6426078,3422.277063,1504.722937,183.8890322,145.1109678
203,1/11/22,0.0009935162,0,198,944.9620521,140.0379479,411.859673,76.14032696,2199.787185,967.2128151,110.6687792,87.33122077
202,1/12/22,0.0024510989,0,707,1697.447963,251.5520373,1035.557006,191.4429942,5613.034493,2467.965507,395.1657925,311.8342075
201,1/13/22,0.0024942364,0,683,2115.495691,313.5043091,965.5071024,178.4928976,5525.515332,2429.484668,381.751395,301.248605
200,1/14/22,0.0001653926,0,0,520.8177946,77.18220538,216.9015081,40.09849186,0,0,0,0
199,1/15/22,0.0024377514,0,665,1889.924104,280.0758958,909.8047696,168.1952304,5573.442492,2450.557508,371.6905969,293.3094031
198,1/16/22,0.0027549957,0,713,2644.15188,391.8481196,1030.493157,190.5068427,5945.051631,2613.948369,398.5193919,314.4806081
197,1/17/22,0.0015779034,0,310,1607.741888,238.2581123,779.8326596,144.1673404,3311.14162,1455.85838,173.2693008,136.7306992
196,1/18/22,0.0010687650,0,279,948.4457832,140.5542168,512.2926671,94.70733292,2272.025223,998.9747769,155.9423707,123.0576293
195,1/19/22,0.0016392244,0,581,836.0954562,123.9045438,642.264777,118.735223,3883.489154,1707.510846,324.7402057,256.2597943
194,1/20/22,0.0022226444,0,541,1842.893735,273.1062652,1108.138833,204.8611666,4847.589126,2131.410874,302.3828766,238.6171234
193,1/21/22,0.0000000000,0,0,0,0,0,0,0,0,0,0
192,1/22/22,0.0021951756,0,554,1567.67898,232.3210195,852.4144872,157.5855128,5160.852158,2269.147842,309.6490086,244.3509914
191,1/23/22,0.0019674948,0,442,1548.51846,229.4815404,727.5062257,134.4937743,4616.983081,2030.016919,247.048487,194.951513
190,1/24/22,0.0013747897,0,298,1329.914335,197.0856649,694.5912109,128.4087891,2890.216128,1270.783872,166.5621021,131.4378979
189,1/25/22,0.0010204046,0,196,688.9078186,102.0921814,529.1721619,97.82783812,2406.776948,1058.223052,109.5509128,86.44908722
188,1/26/22,0.0013573799,0,334,937.99459,139.00541,659.1442718,121.8557282,3119.43298,1371.56702,186.6836983,147.3163017
187,1/27/22,0.0015115529,0,405,1171.404572,173.5954285,708.9387815,131.0612185,3347.260639,1471.739361,226.3679575,178.6320425
186,1/28/22,0.0000000000,0,0,0,0,0,0,0,0,0,0
185,1/29/22,0.0018152563,0,571,1285.496764,190.503236,688.6833877,127.3166123,4132.849305,1817.150695,319.1508734,251.8491266
184,1/30/22,0.0014428811,0,308,1441.393729,213.6062707,694.5912109,128.4087891,3031.913818,1333.086182,172.1514344,135.8485656
183,1/31/22,0.0014966579,0,443,993.7342871,147.2657129,681.0876151,125.9123849,3405.606747,1497.393253,247.6074202,195.3925798
182,2/1/22,0.0007387536,0,144,701.9718101,104.0281899,382.3205571,70.67944285,1578.123298,693.8767022,80.4863849,63.5136151
181,2/2/22,0.0013848486,0,380,867.4490359,128.5509641,622.853358,115.146642,3240.292775,1424.707225,212.3946268,167.6053732
180,2/3/22,0.0012794230,0,361,1034.668127,153.3318729,579.8106463,107.1893537,2790.194228,1226.805772,201.7748955,159.2251045
179,2/4/22,0.0000000000,0,0,0,0,0,0,0,0,0,0
178,2/5/22,0.0009364509,0,211,583.5249538,86.47504616,417.7674962,77.23250378,2260.217082,993.7829177,117.9349112,93.0650888
177,2/6/22,0.0011237024,0,276,1227.144269,181.8557314,513.1366418,94.86335818,2250.492731,989.507269,154.2655711,121.7344289
176,2/7/22,0.0007905960,0,130,790.8069524,117.1930476,406.7958246,75.2041754,1692.731724,744.2682761,72.6613197,57.3386803
175,2/8/22,0.0005323514,0,86,431.9826524,64.01734761,298.7670579,55.2329421,1201.651983,528.3480171,48.06825765,37.93174235
174,2/9/22,0.0008385695,0,259,699.3590118,103.6409882,390.7603045,72.23969545,1771.915727,779.0842726,144.7637062,114.2362938
173,2/10/22,0.0013366817,0,288,793.4197507,117.5802493,623.6973327,115.3026673,3253.490109,1430.509891,160.9727698,127.0272302
172,2/11/22,0.0000000000,0,0,0,0,0,0,0,0,0,0
171,2/12/22,0.0011801874,0,273,750.7440451,111.2559549,560.3992273,103.6007727,2798.529387,1230.470613,152.5887714,120.4112286
170,2/13/22,0.0011422728,0,230,793.4197507,117.5802493,583.1865452,107.8134548,2669.334434,1173.665566,128.5546425,101.4453575
169,2/14/22,0.0006480295,0,118,668.0054322,98.99456777,361.2211887,66.77881135,1332.930726,586.0692745,65.95412096,52.04587904
168,2/15/22,0.0003839816,0,79,334.4381825,49.5618175,221.9653566,41.03464342,819.6238958,360.3761042,44.15572505,34.84427495
167,2/16/22,0.0007155406,0,201,481.6258201,71.37417989,365.4410624,67.55893765,1605.212562,705.7874379,112.3455789,88.65442108
166,2/17/22,0.0011014567,0,258,554.7841725,82.21582747,522.420364,96.57963604,2724.207559,1197.792441,144.2047729,113.7952271
165,2/18/22,0.0000000000,0,0,0,0,0,0,0,0,0,0
164,2/19/22,0.0009246510,0,274,582.6540211,86.34597893,420.2994204,77.70057956,2128.93834,936.0616604,153.1477046,120.8522954
163,2/20/22,0.0005822593,0,136,539.9783155,80.02168451,270.0719167,49.92808325,1248.884546,549.1154536,76.01491907,59.98508093
162,2/21/22,0.0004932762,0,96,479.0130218,70.98697819,262.4761441,48.52385591,1039.810993,457.1890067,53.65758993,42.34241007
161,2/22/22,0.0003659916,0,161,246.473973,36.52602696,178.0786701,32.92132989,747.3858576,328.6141424,89.98824978,71.01175022
160,2/23/22,0.0004315683,0,141,330.0835187,48.91648134,225.3412555,41.65874446,905.059268,397.940732,78.80958521,62.19041479
159,2/24/22,0.0008803529,0,224,600.9436092,89.05639082,413.5476225,76.45237748,2030.305634,892.6943665,125.2010432,98.79895683
158,2/25/22,0.0000000000,0,0,0,0,0,0,0,0,0,0
157,2/26/22,0.0008205794,0,379,390.1778796,57.82212042,261.6321694,48.36783065,1893.470119,832.5298813,211.8356936,167.1643064
156,2/27/22,0.0007664157,0,198,590.492416,87.50758403,408.4837741,75.51622592,1669.810039,734.1899614,110.6687792,87.33122077
155,2/28/22,0.0003592211,0,74,337.0509808,49.9490192,170.4828974,31.51710255,777.9481045,342.0518955,41.36105891,32.63894109
154,3/1/22,0.0003369753,0,202,202.0564019,29.94359807,121.5323625,22.46763746,668.2018541,293.7981459,112.9045121,89.09548785
153,3/2/22,0.0005275153,0,156,342.2765774,50.7234226,268.3839673,49.61603273,1183.592473,520.4075267,87.19358364,68.80641636
152,3/3/22,0.0008366351,0,238,431.9826524,64.01734761,324.9302748,60.06972516,2061.562477,906.437523,133.0261084,104.9738916
151,3/4/22,0.0041793065,0,1544,2774.791795,411.2082046,2037.355022,376.644978,8972.103273,3944.896727,862.9929047,681.0070953
150,3/5/22,0.0008631366,0,322,406.7256022,60.27439785,370.5049108,68.49508921,2022.665072,889.3349282,179.9764996,142.0235004
149,3/6/22,0.0004971450,0,196,330.0835187,48.91648134,197.4900891,36.50991088,1087.043557,477.9564432,109.5509128,86.44908722
148,3/7/22,0.0002926772,0,79,278.6984854,41.30151459,156.9793016,29.02069839,589.7124471,259.2875529,44.15572505,34.84427495
147,3/8/22,0.0001731303,0,50,185.5086794,27.49132065,79.33362555,14.66637445,338.9631027,149.0368973,27.94666142,22.05333858
146,3/9/22,0.0008279302,0,375,1662.610652,246.3893479,216.9015081,40.09849186,947.4296559,416.5703441,209.5999607,165.4000393
145,3/10/22,0.0005940593,0,135,833.4826579,123.5173421,183.9864933,34.01350671,1129.413945,496.5860554,75.45598584,59.54401416
144,3/11/22,0.0000000000,0,0,0,0,0,0,0,0,0,0
143,3/12/22,0.0008964085,0,540,404.1128039,59.88719615,316.4905274,58.50947256,1885.829557,829.170443,301.8239434,238.1760566
142,3/13/22,0.0004760599,0,127,232.5390488,34.46095123,178.9226448,33.07735515,1200.26279,527.7372102,70.98452001,56.01547999
141,3/14/22,0.0003528375,0,59,187.2505449,27.74945511,115.6245394,21.37546064,940.4836907,413.5163093,32.97706048,26.02293952
140,3/15/22,0.0002888084,0,63,172.4446879,25.55531215,146.00763,26.99237001,691.8181358,304.1818642,35.21279339,27.78720661
139,3/16/22,0.0006236558,0,324,246.473973,36.52602696,149.383529,27.61647105,1469.76624,646.2337597,181.094366,142.905634
138,3/17/22,0.0004708369,0,238,696.7462135,103.2537865,119.0004383,21.99956168,706.4046628,310.5953372,133.0261084,104.9738916
137,3/18/22,0.0000000000,0,0,0,0,0,0,0,0,0,0
136,3/19/22,0.0005743282,0,229,878.7711618,130.2288382,148.5395542,27.46044579,921.034988,404.965012,127.9957093,101.0042907
135,3/20/22,0.0005691053,0,704,203.7982675,30.20173254,127.4401857,23.55981428,798.0914037,350.9085963,393.4889928,310.5110072
134,3/21/22,0.0003286573,0,183,163.7353602,24.26463982,115.6245394,21.37546064,700.1532941,307.8467059,102.2847808,80.71521919
133,3/22/22,0.0003164705,0,124,106.2537976,15.74620244,63.29810549,11.70189451,827.2644576,363.7355424,69.30772033,54.69227967
132,3/23/22,0.0009646934,0,310,1003.314547,148.6854525,339.2778454,62.72215458,1953.900016,859.0999839,173.2693008,136.7306992
131,3/24/22,0.0006654392,0,296,484.2386184,71.76138159,178.9226448,33.07735515,1444.760766,635.2392344,165.4442356,130.5557644
130,3/25/22,0.0000000000,0,0,0,0,0,0,0,0,0,0
129,3/26/22,0.0005553709,0,254,176.7993517,26.20064832,197.4900891,36.50991088,1337.792901,588.2070988,141.96904,112.03096
128,3/27/22,0.0006515114,0,267,280.4403509,41.55964905,241.3767756,44.6232244,1546.171858,679.8281423,149.235172,117.764828
127,3/28/22,0.0001855105,0,66,121.0596546,17.9403454,84.39747398,15.60252602,408.4227549,179.5772451,36.88959308,29.11040692
126,3/29/22,0.0001917007,0,47,87.96420946,13.03579054,93.68119612,17.31880388,475.7986175,209.2013825,26.26986174,20.73013826
125,3/30/22,0.0002241989,0,100,114.9631252,17.03687477,113.9365899,21.06341012,480.6607932,211.3392068,55.89332285,44.10667715
124,3/31/22,0.0004350502,0,267,162.8644274,24.13557259,202.5539376,37.44606244,894.6403202,393.3596798,149.235172,117.764828
123,4/1/22,0.0000000000,0,0,0,0,0,0,0,0,0,0
122,4/2/22,0.0006062461,0,348,171.5737551,25.42624492,559.5552525,103.4447475,1096.073312,481.9266884,194.5087635,153.4912365
121,4/3/22,0.0008882840,0,969,332.696317,49.30368304,610.1937369,112.8062631,1075.930012,473.0699876,541.6062984,427.3937016
120,4/4/22,0.0002729461,0,291,79.25488179,11.74511821,64.14208023,11.85791977,459.8228975,202.1771025,162.6495695,128.3504305
119,4/5/22,0.0001636516,0,177,41.80477281,6.195227188,34.60296433,6.397035666,279.9223983,123.0776017,98.93118144,78.06881856
118,4/6/22,0.0010221456,0,502,315.2776616,46.72233837,1742.807838,322.1921622,1287.087355,565.9126449,280.5844807,221.4155193
117,4/7/22,0.0003013821,0,292,94.93167159,14.06832841,77.64567607,14.35432393,536.9231114,236.0768886,163.2085027,128.7914973
116,4/8/22,0.0000000000,0,0,0,0,0,0,0,0,0,0
115,4/9/22,0.0006753047,0,420,79.25488179,11.74511821,46.41861069,8.581389309,1739.964287,765.0357126,234.751956,185.248044
114,4/10/22,0.0003166640,0,364,112.3503269,16.64967307,59.07823179,10.92176821,493.1635305,216.8364695,203.4516952,160.5483048
113,4/11/22,0.0002503135,0,267,86.22234393,12.77765607,43.04271173,7.957288268,423.7038784,186.2961216,149.235172,117.764828
112,4/12/22,0.0001663598,0,158,59.22342815,8.776571849,38.82283803,7.177161967,298.6765044,131.3234956,88.3114501,69.6885499
111,4/13/22,0.0008223204,0,733,92.31887329,13.68112671,49.79450965,9.205490349,1819.842887,800.1571126,409.6980565,323.3019435
110,4/14/22,0.0006333279,0,393,135.8655116,20.13448836,102.9649183,19.03508174,1535.058313,674.9416866,219.6607588,173.3392412
109,4/15/22,0.0000000000,0,0,0,0,0,0,0,0,0,0
108,4/16/22,0.0008749365,0,711,114.9631252,17.03687477,82.7095245,15.2904755,1994.186614,876.8133856,397.4015254,313.5984746
107,4/17/22,0.0002673363,0,256,70.54555412,10.45444588,58.23425705,10.76574295,500.1094958,219.8905042,143.0869065,112.9130935
106,4/18/22,0.0002002121,0,198,79.25488179,11.74511821,56.54630757,10.45369243,334.100927,146.899073,110.6687792,87.33122077
105,4/19/22,0.0001228354,0,115,27.86984854,4.130151459,32.07104011,5.928959886,232.6898348,102.3101652,64.27732127,50.72267873
104,4/20/22,0.0003905587,0,429,129.7689823,19.23101773,77.64567607,14.35432393,639.0288001,280.9711999,239.782355,189.217645
103,4/21/22,0.0000359801,0,61,0,0,8.439747398,1.560252602,37.50821218,16.49178782,34.09492694,26.90507306
102,4/22/22,0.0000000000,0,0,0,0,0,0,0,0,0,0
101,4/23/22,0.0005311907,0,470,138.4783099,20.52169006,118.1564636,21.84353642,1046.756959,460.2430415,262.6986174,207.3013826
100,4/24/22,0.0013080523,0,500,141.0911082,20.90889176,119.8444131,22.15558694,3791.107817,1666.892183,279.4666142,220.5333858
99,4/25/22,0.0002888084,0,356,64.44902475,9.550975248,35.44693907,6.553060927,461.9066871,203.0933129,198.9802293,157.0197707
98,4/26/22,0.0001029109,0,90,37.45010898,5.549891022,25.3192422,4.680757805,193.7924296,85.20757039,50.30399056,39.69600944
97,4/27/22,0.0010662503,0,776,104.511932,15.48806797,97.90106982,18.09893018,2586.677448,1137.322552,433.7321853,342.2678147
96,4/28/22,0.0008199991,0,1093,156.767898,23.23210195,146.8516047,27.14839527,1180.119491,518.8805093,610.9140187,482.0859813
95,4/29/22,0.0001824155,0,291,314.4067289,46.59327114,0,0,0,0,162.6495695,128.3504305
94,4/30/22,0.0004576829,0,451,72.28741965,10.71258035,65.83002971,12.16997029,905.059268,397.940732,252.078886,198.921114
93,5/1/22,0.0008043303,0,359,188.1214777,27.87852235,274.2917904,50.70820955,2013.635317,885.364683,200.657029,158.342971
92,5/2/22,0.0001814483,0,183,38.32104174,5.678958255,18.56744428,3.432555723,351.4658401,154.5341599,102.2847808,80.71521919
91,5/3/22,0.0001671336,0,241,60.09436092,8.905639082,29.53911589,5.460884106,193.0978331,84.90216691,134.7029081,106.2970919
90,5/4/22,0.0004603911,0,297,47.90130218,7.098697819,48.95053491,9.049465089,1162.059981,510.9400189,166.0031689,130.9968311
89,5/5/22,0.0008287040,0,1008,52.25596602,7.744033985,43.04271173,7.957288268,1498.244698,658.7553023,563.4046943,444.5953057
88,5/6/22,0.0000000000,0,0,0,0,0,0,0,0,0,0
87,5/7/22,0.0016614702,0,1446,44.41757111,6.582428887,38.82283803,7.177161967,3889.740523,1710.259477,808.2174483,637.7825517
86,5/8/22,0.0012575641,0,992,125.4143184,18.58568156,121.5323625,22.46763746,2937.448691,1291.551309,554.4617626,437.5382374
85,5/9/22,0.0002143333,0,259,65.31995752,9.680042481,42.19873699,7.801263008,322.9873827,142.0126173,144.7637062,114.2362938
84,5/10/22,0.0001404386,0,180,29.61171408,4.388285925,23.63129272,4.368707284,211.1573427,92.84265734,100.6079811,79.39201888
83,5/11/22,0.0011676137,0,1240,49.64316771,7.356832285,43.88668647,8.113313528,2394.274211,1052.725789,693.0772033,546.9227967
82,5/12/22,0.0016829422,0,804,210.7657296,31.23427041,265.8520431,49.14795695,4539.188271,1995.811729,449.3823157,354.6176843
81,5/13/22,0.0000000000,0,0,0,0,0,0,0,0,0,0
80,5/14/22,0.0004820565,0,332,78.38394902,11.61605098,105.4968425,19.50315752,1120.38419,492.6158102,185.5658318,146.4341682
79,5/15/22,0.0006066330,0,621,68.80368859,10.19631141,55.70233283,10.29766717,1214.849317,534.1506832,347.0975349,273.9024651
78,5/16/22,0.0002048547,0,237,49.64316771,7.356832285,44.73066121,8.269338788,329.9333479,145.0666521,132.4671751,104.5328249
77,5/17/22,0.0002847461,0,229,64.44902475,9.550975248,76.80170133,14.19829867,589.7124471,259.2875529,127.9957093,101.0042907
76,5/18/22,0.0012428625,0,912,53.12689878,7.873101218,59.07823179,10.92176821,3104.846453,1365.153547,509.7471043,402.2528957
75,5/19/22,0.0006023772,0,468,80.12581456,11.87418544,80.17760029,14.82239971,1382.941675,608.0583249,261.5807509,206.4192491
74,5/20/22,0.0000000000,0,0,0,0,0,0,0,0,0,0
73,5/21/22,0.0003685063,0,277,80.12581456,11.87418544,72.58182763,13.41817237,814.7617202,358.2382798,154.8245043,122.1754957
72,5/22/22,0.0009503787,0,826,332.696317,49.30368304,129.9721099,24.02789006,1892.775522,832.2244778,461.6788467,364.3211533
71,5/23/22,0.0001986646,0,169,107.9956631,16.0043369,47.26258543,8.737414569,353.5496296,155.4503704,94.45971561,74.54028439
70,5/24/22,0.0003062181,0,303,110.6084614,16.3915386,39.66681277,7.333187227,557.7610071,245.2389929,169.3567682,133.6432318
69,5/25/22,0.0004778008,0,278,193.3470743,28.65292574,125.7522362,23.24776376,1071.762433,471.2375667,155.3834375,122.6165625
68,5/26/22,0.0010542569,0,644,210.7657296,31.23427041,193.2702154,35.72978458,2563.755762,1127.244238,359.9529991,284.0470009
67,5/27/22,0.0004783812,0,444,139.3492427,20.65075729,85.24144872,15.75855128,919.645795,404.354205,248.1663534,195.8336466
66,5/28/22,0.0005050761,0,429,125.4143184,18.58568156,99.5890193,18.4109807,1035.643414,455.3565858,239.782355,189.217645
65,5/29/22,0.0000116065,0,15,1.741865534,0.258134466,0.84397474,0.15602526,18.75410609,8.245893909,8.383998427,6.616001573
64,5/30/22,0.0000032885,0,2,3.483731068,0.516268932,0,0,6.251368697,2.748631303,1.117866457,0.882133543
63,5/31/22,0.0000032885,0,5,0,0,0,0,4.862175653,2.137824347,2.794666142,2.205333858
62,6/1/22,0.0011157713,0,907,333.5672497,49.43275027,140.0998068,25.90019319,2365.101157,1039.898843,506.9524382,400.0475618
61,6/2/22,0.0004596173,0,367,178.5412172,26.45878278,102.1209435,18.87905648,914.0890228,401.9109772,205.1284948,161.8715052
60,6/3/22,0.0000000000,0,0,0,0,0,0,0,0,0,0
59,6/4/22,0.0005505349,0,509,164.6062929,24.39370705,118.1564636,21.84353642,1041.200186,457.7998137,284.4970133,224.5029867
58,6/5/22,0.0003572867,0,470,84.48047839,12.51952161,51.48245913,9.51754087,520.2527949,228.7472051,262.6986174,207.3013826
57,6/6/22,0.0001474025,0,111,82.73861286,12.26138714,29.53911589,5.460884106,284.784574,125.215426,62.04158836,48.95841164
56,6/7/22,0.0001479828,0,131,61.83622645,9.163773549,30.38309063,5.616909366,275.0602227,120.9397773,73.22025293,57.77974707
55,6/8/22,0.0005240334,0,282,103.6409993,15.35900074,76.80170133,14.19829867,1344.04427,590.9557301,157.6191704,124.3808296
54,6/9/22,0.0003824341,0,255,108.8665959,16.13340413,57.39028231,10.60971769,884.9159689,389.0840311,142.5279733,112.4720267
53,6/10/22,0.0000158622,0,0,0,0,69.20592867,12.79407133,0,0,0,0
52,6/11/22,0.0005961871,0,942,165.4772257,24.52277428,75.95772659,14.04227341,637.6396071,280.3603929,526.5151012,415.4848988
51,6/12/22,0.0003994570,0,203,309.1811323,45.81886774,239.6888261,44.31117388,708.4884523,311.5115477,113.4634454,89.53655462
50,6/13/22,0.0001468222,0,117,63.57809199,9.421908015,45.57463595,8.425364048,276.4494157,121.5505843,65.39518773,51.60481227
49,6/14/22,0.0002307759,0,104,43.54663835,6.453361654,24.47526746,4.524732545,629.3044488,276.6955512,58.12905576,45.87094424
48,6/15/22,0.0011886988,0,840,120.1887218,17.81127816,129.9721099,24.02789006,2898.551286,1274.448714,469.5039119,370.4960881
47,6/16/22,0.0003255623,0,230,109.7375286,16.26247137,91.1492719,16.8507281,686.9559602,302.0440398,128.5546425,101.4453575
,6/17/22,0.0000006356,0,0,0,0,2.77305986,0.512654426,0,0,0,0
,6/18/22,0.0000006356,0,0,0,0,2.77305986,0.512654426,0,0,0,0
,6/19/22,0.0000006356,0,0,0,0,2.77305986,0.512654426,0,0,0,0
,6/20/22,0.0000006356,0,0,0,0,2.77305986,0.512654426,0,0,0,0
,6/21/22,0.0000006356,0,0,0,0,2.77305986,0.512654426,0,0,0,0
46,6/22/22,0.0000014094,0,0,3.483731068,0.516268932,2.77305986,0.512654426,0,0,0,0
,6/23/22,0.0000000000,0,0,0,0,0,0,0,0,0,0
,6/24/22,0.0000000000,0,0,0,0,0,0,0,0,0,0
,6/25/22,0.0000000000,0,0,0,0,0,0,0,0,0,0
,6/26/22,0.0000000000,0,0,0,0,0,0,0,0,0,0
,6/27/22,0.0000000000,0,0,0,0,0,0,0,0,0,0
,6/28/22,0.0000000000,0,0,0,0,0,0,0,0,0,0
45,6/29/22,0.0000000000,0,0,0,0,0,0,0,0,0,0
,6/30/22,0.0001089905,0,78.28571429,60.96529368,9.034706316,33.39728613,6.174142437,206.4936232,90.79209114,43.75648703,34.52922726
,7/1/22,0.0001089905,0,78.28571429,60.96529368,9.034706316,33.39728613,6.174142437,206.4936232,90.79209114,43.75648703,34.52922726
,7/2/22,0.0001089905,0,78.28571429,60.96529368,9.034706316,33.39728613,6.174142437,206.4936232,90.79209114,43.75648703,34.52922726
,7/3/22,0.0001089905,0,78.28571429,60.96529368,9.034706316,33.39728613,6.174142437,206.4936232,90.79209114,43.75648703,34.52922726
,7/4/22,0.0001089905,0,78.28571429,60.96529368,9.034706316,33.39728613,6.174142437,206.4936232,90.79209114,43.75648703,34.52922726
,7/5/22,0.0001089905,0,78.28571429,60.96529368,9.034706316,33.39728613,6.174142437,206.4936232,90.79209114,43.75648703,34.52922726
44,7/6/22,0.0001089905,0,78.28571429,60.96529368,9.034706316,33.39728613,6.174142437,206.4936232,90.79209114,43.75648703,34.52922726
,7/7/22,0.0000943995,0,14.71428571,132.8794565,19.69197214,10.60996816,1.961460413,203.8144651,89.61410628,8.224303216,6.489982494
,7/8/22,0.0000943995,0,14.71428571,132.8794565,19.69197214,10.60996816,1.961460413,203.8144651,89.61410628,8.224303216,6.489982494
,7/9/22,0.0000943995,0,14.71428571,132.8794565,19.69197214,10.60996816,1.961460413,203.8144651,89.61410628,8.224303216,6.489982494
,7/10/22,0.0000943995,0,14.71428571,132.8794565,19.69197214,10.60996816,1.961460413,203.8144651,89.61410628,8.224303216,6.489982494
,7/11/22,0.0000943995,0,14.71428571,132.8794565,19.69197214,10.60996816,1.961460413,203.8144651,89.61410628,8.224303216,6.489982494
,7/12/22,0.0000943995,0,14.71428571,132.8794565,19.69197214,10.60996816,1.961460413,203.8144651,89.61410628,8.224303216,6.489982494
43,7/13/22,0.0000943995,0,14.71428571,132.8794565,19.69197214,10.60996816,1.961460413,203.8144651,89.61410628,8.224303216,6.489982494
,7/14/22,0.0001469880,0,60.85714286,189.1168294,28.02602775,45.69520377,8.447653371,254.8176955,112.0394474,34.01507933,26.84206353
,7/15/22,0.0001469880,0,60.85714286,189.1168294,28.02602775,45.69520377,8.447653371,254.8176955,112.0394474,34.01507933,26.84206353
,7/16/22,0.0001469880,0,60.85714286,189.1168294,28.02602775,45.69520377,8.447653371,254.8176955,112.0394474,34.01507933,26.84206353
,7/17/22,0.0001469880,0,60.85714286,189.1168294,28.02602775,45.69520377,8.447653371,254.8176955,112.0394474,34.01507933,26.84206353
,7/18/22,0.0001469880,0,60.85714286,189.1168294,28.02602775,45.69520377,8.447653371,254.8176955,112.0394474,34.01507933,26.84206353
,7/19/22,0.0001469880,0,60.85714286,189.1168294,28.02602775,45.69520377,8.447653371,254.8176955,112.0394474,34.01507933,26.84206353
42,7/20/22,0.0001469880,0,60.85714286,189.1168294,28.02602775,45.69520377,8.447653371,254.8176955,112.0394474,34.01507933,26.84206353
,7/21/22,0.0001256542,0,97.71428571,198.199414,29.37201462,29.41854808,5.438594783,133.164076,58.55020965,54.61576118,43.09852453
,7/22/22,0.0001256542,0,97.71428571,198.199414,29.37201462,29.41854808,5.438594783,133.164076,58.55020965,54.61576118,43.09852453
,7/23/22,0.0001256542,0,97.71428571,198.199414,29.37201462,29.41854808,5.438594783,133.164076,58.55020965,54.61576118,43.09852453
,7/24/22,0.0001256542,0,97.71428571,198.199414,29.37201462,29.41854808,5.438594783,133.164076,58.55020965,54.61576118,43.09852453
,7/25/22,0.0001256542,0,97.71428571,198.199414,29.37201462,29.41854808,5.438594783,133.164076,58.55020965,54.61576118,43.09852453
,7/26/22,0.0001256542,0,97.71428571,198.199414,29.37201462,29.41854808,5.438594783,133.164076,58.55020965,54.61576118,43.09852453
41,7/27/22,0.0001256542,0,97.71428571,198.199414,29.37201462,29.41854808,5.438594783,133.164076,58.55020965,54.61576118,43.09852453
,7/28/22,0.0000779293,0,64.57142857,156.6434791,23.21366378,31.22706537,5.772934626,39.49277368,17.36436918,36.09111704,28.48031153
,7/29/22,0.0000779293,0,64.57142857,156.6434791,23.21366378,31.22706537,5.772934626,39.49277368,17.36436918,36.09111704,28.48031153
,7/30/22,0.0000779293,0,64.57142857,156.6434791,23.21366378,31.22706537,5.772934626,39.49277368,17.36436918,36.09111704,28.48031153
,7/31/22,0.0000779293,0,64.57142857,156.6434791,23.21366378,31.22706537,5.772934626,39.49277368,17.36436918,36.09111704,28.48031153
,8/1/22,0.0000779293,0,64.57142857,156.6434791,23.21366378,31.22706537,5.772934626,39.49277368,17.36436918,36.09111704,28.48031153
,8/2/22,0.0000779293,0,64.57142857,156.6434791,23.21366378,31.22706537,5.772934626,39.49277368,17.36436918,36.09111704,28.48031153
40,8/3/22,0.0000779293,0,64.57142857,156.6434791,23.21366378,31.22706537,5.772934626,39.49277368,17.36436918,36.09111704,28.48031153
,8/4/22,0.0002115146,0,96.57142857,163.8597791,24.28307799,73.66693801,13.61877628,434.0235981,190.8335448,53.97698035,42.59444822
,8/5/22,0.0002115146,0,96.57142857,163.8597791,24.28307799,73.66693801,13.61877628,434.0235981,190.8335448,53.97698035,42.59444822
,8/6/22,0.0002115146,0,96.57142857,163.8597791,24.28307799,73.66693801,13.61877628,434.0235981,190.8335448,53.97698035,42.59444822
,8/7/22,0.0002115146,0,96.57142857,163.8597791,24.28307799,73.66693801,13.61877628,434.0235981,190.8335448,53.97698035,42.59444822
,8/8/22,0.0002115146,0,96.57142857,163.8597791,24.28307799,73.66693801,13.61877628,434.0235981,190.8335448,53.97698035,42.59444822
,8/9/22,0.0002115146,0,96.57142857,163.8597791,24.28307799,73.66693801,13.61877628,434.0235981,190.8335448,53.97698035,42.59444822
39,8/10/22,0.0002115146,0,96.57142857,163.8597791,24.28307799,73.66693801,13.61877628,434.0235981,190.8335448,53.97698035,42.59444822
,8/11/22,0.0000400977,0,0,142.9573927,21.1854644,36.41148163,6.731375509,0,0,0,0
,8/12/22,0.0000400977,0,0,142.9573927,21.1854644,36.41148163,6.731375509,0,0,0,0
,8/13/22,0.0000400977,0,0,142.9573927,21.1854644,36.41148163,6.731375509,0,0,0,0
,8/14/22,0.0000400977,0,0,142.9573927,21.1854644,36.41148163,6.731375509,0,0,0,0
,8/15/22,0.0000400977,0,0,142.9573927,21.1854644,36.41148163,6.731375509,0,0,0,0
,8/16/22,0.0000400977,0,0,142.9573927,21.1854644,36.41148163,6.731375509,0,0,0,0
38,8/17/22,0.0000400977,0,0,142.9573927,21.1854644,36.41148163,6.731375509,0,0,0,0
,8/18/22,0.0000225221,0,0,101.4014578,15.02711356,0,0,0,0,0,0
,8/19/22,0.0000225221,0,0,101.4014578,15.02711356,0,0,0,0,0,0
,8/20/22,0.0000225221,0,0,101.4014578,15.02711356,0,0,0,0,0,0
,8/21/22,0.0000225221,0,0,101.4014578,15.02711356,0,0,0,0,0,0
,8/22/22,0.0000225221,0,0,101.4014578,15.02711356,0,0,0,0,0,0
,8/23/22,0.0000225221,0,0,101.4014578,15.02711356,0,0,0,0,0,0
37,8/24/22,0.0000225221,0,0,101.4014578,15.02711356,0,0,0,0,0,0
,8/25/22,0.0000350958,0,0,57.73040055,8.555313736,0,0,79.97782806,35.16502904,0,0
,8/26/22,0.0000350958,0,0,57.73040055,8.555313736,0,0,79.97782806,35.16502904,0,0
,8/27/22,0.0000350958,0,0,57.73040055,8.555313736,0,0,79.97782806,35.16502904,0,0
,8/28/22,0.0000350958,0,0,57.73040055,8.555313736,0,0,79.97782806,35.16502904,0,0
,8/29/22,0.0000350958,0,0,57.73040055,8.555313736,0,0,79.97782806,35.16502904,0,0
,8/30/22,0.0000350958,0,0,57.73040055,8.555313736,0,0,79.97782806,35.16502904,0,0
36,8/31/22,0.0000350958,0,0,57.73040055,8.555313736,0,0,79.97782806,35.16502904,0,0
,9/1/22,0.0000419768,0,10.85714286,22.14657607,3.281995356,3.6170346,0.668679686,115.0053384,50.56609017,6.068417911,4.788724949
,9/2/22,0.0000419768,0,10.85714286,22.14657607,3.281995356,3.6170346,0.668679686,115.0053384,50.56609017,6.068417911,4.788724949
,9/3/22,0.0000419768,0,10.85714286,22.14657607,3.281995356,3.6170346,0.668679686,115.0053384,50.56609017,6.068417911,4.788724949
,9/4/22,0.0000419768,0,10.85714286,22.14657607,3.281995356,3.6170346,0.668679686,115.0053384,50.56609017,6.068417911,4.788724949
,9/5/22,0.0000419768,0,10.85714286,22.14657607,3.281995356,3.6170346,0.668679686,115.0053384,50.56609017,6.068417911,4.788724949
,9/6/22,0.0000419768,0,10.85714286,22.14657607,3.281995356,3.6170346,0.668679686,115.0053384,50.56609017,6.068417911,4.788724949
35,9/7/22,0.0000419768,0,10.85714286,22.14657607,3.281995356,3.6170346,0.668679686,115.0053384,50.56609017,6.068417911,4.788724949
,9/8/22,0.0001316785,0,124.5714286,31.10474167,4.609544038,0.36170346,0.066867969,274.6633104,120.765261,69.62711076,54.94431784
,9/9/22,0.0001316785,0,124.5714286,31.10474167,4.609544038,0.36170346,0.066867969,274.6633104,120.765261,69.62711076,54.94431784
,9/10/22,0.0001316785,0,124.5714286,31.10474167,4.609544038,0.36170346,0.066867969,274.6633104,120.765261,69.62711076,54.94431784
,9/11/22,0.0001316785,0,124.5714286,31.10474167,4.609544038,0.36170346,0.066867969,274.6633104,120.765261,69.62711076,54.94431784
,9/12/22,0.0001316785,0,124.5714286,31.10474167,4.609544038,0.36170346,0.066867969,274.6633104,120.765261,69.62711076,54.94431784
,9/13/22,0.0001316785,0,124.5714286,31.10474167,4.609544038,0.36170346,0.066867969,274.6633104,120.765261,69.62711076,54.94431784
34,9/14/22,0.0001316785,0,124.5714286,31.10474167,4.609544038,0.36170346,0.066867969,274.6633104,120.765261,69.62711076,54.94431784
,9/15/22,0.0003029572,0,262.5714286,62.58274025,9.274402606,39.66681277,7.333187227,640.5172212,281.6256359,146.7598963,115.8115323
,9/16/22,0.0003029572,0,262.5714286,62.58274025,9.274402606,39.66681277,7.333187227,640.5172212,281.6256359,146.7598963,115.8115323
,9/17/22,0.0003029572,0,262.5714286,62.58274025,9.274402606,39.66681277,7.333187227,640.5172212,281.6256359,146.7598963,115.8115323
,9/18/22,0.0003029572,0,262.5714286,62.58274025,9.274402606,39.66681277,7.333187227,640.5172212,281.6256359,146.7598963,115.8115323
,9/19/22,0.0003029572,0,262.5714286,62.58274025,9.274402606,39.66681277,7.333187227,640.5172212,281.6256359,146.7598963,115.8115323
,9/20/22,0.0003029572,0,262.5714286,62.58274025,9.274402606,39.66681277,7.333187227,640.5172212,281.6256359,146.7598963,115.8115323
33,9/21/22,0.0003029572,0,262.5714286,62.58274025,9.274402606,39.66681277,7.333187227,640.5172212,281.6256359,146.7598963,115.8115323
,9/22/22,0.0005155496,0,442.4285714,87.96420946,13.03579054,69.44706431,12.83864998,1109.270645,487.7293545,247.2880298,195.1405416
,9/23/22,0.0005155496,0,442.4285714,87.96420946,13.03579054,69.44706431,12.83864998,1109.270645,487.7293545,247.2880298,195.1405416
,9/24/22,0.0005155496,0,442.4285714,87.96420946,13.03579054,69.44706431,12.83864998,1109.270645,487.7293545,247.2880298,195.1405416
,9/25/22,0.0005155496,0,442.4285714,87.96420946,13.03579054,69.44706431,12.83864998,1109.270645,487.7293545,247.2880298,195.1405416
,9/26/22,0.0005155496,0,442.4285714,87.96420946,13.03579054,69.44706431,12.83864998,1109.270645,487.7293545,247.2880298,195.1405416
,9/27/22,0.0005155496,0,442.4285714,87.96420946,13.03579054,69.44706431,12.83864998,1109.270645,487.7293545,247.2880298,195.1405416
32,9/28/22,0.0005155496,0,442.4285714,87.96420946,13.03579054,69.44706431,12.83864998,1109.270645,487.7293545,247.2880298,195.1405416
,9/29/22,0.0002481027,0,138.8571429,33.21986411,4.922993033,21.70220759,4.012078118,653.6153271,287.3846729,77.61187117,61.24527173
,9/30/22,0.0002481027,0,138.8571429,33.21986411,4.922993033,21.70220759,4.012078118,653.6153271,287.3846729,77.61187117,61.24527173
,10/1/22,0.0002481027,0,138.8571429,33.21986411,4.922993033,21.70220759,4.012078118,653.6153271,287.3846729,77.61187117,61.24527173
,10/2/22,0.0002481027,0,138.8571429,33.21986411,4.922993033,21.70220759,4.012078118,653.6153271,287.3846729,77.61187117,61.24527173
,10/3/22,0.0002481027,0,138.8571429,33.21986411,4.922993033,21.70220759,4.012078118,653.6153271,287.3846729,77.61187117,61.24527173
,10/4/22,0.0002481027,0,138.8571429,33.21986411,4.922993033,21.70220759,4.012078118,653.6153271,287.3846729,77.61187117,61.24527173
31,10/5/22,0.0002481027,0,138.8571429,33.21986411,4.922993033,21.70220759,4.012078118,653.6153271,287.3846729,77.61187117,61.24527173
,10/6/22,0.0000559323,0,48.14285714,23.01750884,3.411062589,10.8511038,2.00603906,106.6701802,46.90124843,26.90864257,21.23421457
,10/7/22,0.0000559323,0,48.14285714,23.01750884,3.411062589,10.8511038,2.00603906,106.6701802,46.90124843,26.90864257,21.23421457
,10/8/22,0.0000559323,0,48.14285714,23.01750884,3.411062589,10.8511038,2.00603906,106.6701802,46.90124843,26.90864257,21.23421457
,10/9/22,0.0000559323,0,48.14285714,23.01750884,3.411062589,10.8511038,2.00603906,106.6701802,46.90124843,26.90864257,21.23421457
,10/10/22,0.0000559323,0,48.14285714,23.01750884,3.411062589,10.8511038,2.00603906,106.6701802,46.90124843,26.90864257,21.23421457
,10/11/22,0.0000559323,0,48.14285714,23.01750884,3.411062589,10.8511038,2.00603906,106.6701802,46.90124843,26.90864257,21.23421457
30,10/12/22,0.0000559323,0,48.14285714,23.01750884,3.411062589,10.8511038,2.00603906,106.6701802,46.90124843,26.90864257,21.23421457
,10/13/22,0.0000164702,0,41.28571429,2.2395414,0.331887171,0,0,0,0,23.07595758,18.20975671
,10/14/22,0.0000164702,0,41.28571429,2.2395414,0.331887171,0,0,0,0,23.07595758,18.20975671
,10/15/22,0.0000164702,0,41.28571429,2.2395414,0.331887171,0,0,0,0,23.07595758,18.20975671
,10/16/22,0.0000164702,0,41.28571429,2.2395414,0.331887171,0,0,0,0,23.07595758,18.20975671
,10/17/22,0.0000164702,0,41.28571429,2.2395414,0.331887171,0,0,0,0,23.07595758,18.20975671
,10/18/22,0.0000164702,0,41.28571429,2.2395414,0.331887171,0,0,0,0,23.07595758,18.20975671
29,10/19/22,0.0000164702,0,41.28571429,2.2395414,0.331887171,0,0,0,0,23.07595758,18.20975671
,10/20/22,0.0002596816,0,260.4285714,49.26991081,7.301517757,18.80857992,3.47713437,515.8867596,226.8275261,145.5621822,114.8663892
,10/21/22,0.0002596816,0,260.4285714,49.26991081,7.301517757,18.80857992,3.47713437,515.8867596,226.8275261,145.5621822,114.8663892
,10/22/22,0.0002596816,0,260.4285714,49.26991081,7.301517757,18.80857992,3.47713437,515.8867596,226.8275261,145.5621822,114.8663892
,10/23/22,0.0002596816,0,260.4285714,49.26991081,7.301517757,18.80857992,3.47713437,515.8867596,226.8275261,145.5621822,114.8663892
,10/24/22,0.0002596816,0,260.4285714,49.26991081,7.301517757,18.80857992,3.47713437,515.8867596,226.8275261,145.5621822,114.8663892
,10/25/22,0.0002596816,0,260.4285714,49.26991081,7.301517757,18.80857992,3.47713437,515.8867596,226.8275261,145.5621822,114.8663892
28,10/26/22,0.0002596816,0,260.4285714,49.26991081,7.301517757,18.80857992,3.47713437,515.8867596,226.8275261,145.5621822,114.8663892
,10/27/22,0.0003196761,0,161,90.57700776,13.42299224,48.82996709,9.027175767,811.7848781,356.9294079,89.98824978,71.01175022
,10/28/22,0.0003196761,0,161,90.57700776,13.42299224,48.82996709,9.027175767,811.7848781,356.9294079,89.98824978,71.01175022
,10/29/22,0.0003196761,0,161,90.57700776,13.42299224,48.82996709,9.027175767,811.7848781,356.9294079,89.98824978,71.01175022
,10/30/22,0.0003196761,0,161,90.57700776,13.42299224,48.82996709,9.027175767,811.7848781,356.9294079,89.98824978,71.01175022
,10/31/22,0.0003196761,0,161,90.57700776,13.42299224,48.82996709,9.027175767,811.7848781,356.9294079,89.98824978,71.01175022
,11/1/22,0.0003196761,0,161,90.57700776,13.42299224,48.82996709,9.027175767,811.7848781,356.9294079,89.98824978,71.01175022
27,11/2/22,0.0003196761,0,161,90.57700776,13.42299224,48.82996709,9.027175767,811.7848781,356.9294079,89.98824978,71.01175022
,11/3/22,0.0001244935,0,82.42857143,50.26526254,7.449023166,24.7164031,4.569311191,272.0833804,119.6309053,46.07206755,36.35650388
,11/4/22,0.0001244935,0,82.42857143,50.26526254,7.449023166,24.7164031,4.569311191,272.0833804,119.6309053,46.07206755,36.35650388
,11/5/22,0.0001244935,0,82.42857143,50.26526254,7.449023166,24.7164031,4.569311191,272.0833804,119.6309053,46.07206755,36.35650388
,11/6/22,0.0001244935,0,82.42857143,50.26526254,7.449023166,24.7164031,4.569311191,272.0833804,119.6309053,46.07206755,36.35650388
,11/7/22,0.0001244935,0,82.42857143,50.26526254,7.449023166,24.7164031,4.569311191,272.0833804,119.6309053,46.07206755,36.35650388
,11/8/22,0.0001244935,0,82.42857143,50.26526254,7.449023166,24.7164031,4.569311191,272.0833804,119.6309053,46.07206755,36.35650388
26,11/9/22,0.0001244935,0,82.42857143,50.26526254,7.449023166,24.7164031,4.569311191,272.0833804,119.6309053,46.07206755,36.35650388
,11/10/22,0.0002597921,0,53.85714286,73.78044725,10.93383846,34.60296433,6.397035666,770.7044554,338.8669736,30.10254673,23.75459613
,11/11/22,0.0002597921,0,53.85714286,73.78044725,10.93383846,34.60296433,6.397035666,770.7044554,338.8669736,30.10254673,23.75459613
,11/12/22,0.0002597921,0,53.85714286,73.78044725,10.93383846,34.60296433,6.397035666,770.7044554,338.8669736,30.10254673,23.75459613
,11/13/22,0.0002597921,0,53.85714286,73.78044725,10.93383846,34.60296433,6.397035666,770.7044554,338.8669736,30.10254673,23.75459613
,11/14/22,0.0002597921,0,53.85714286,73.78044725,10.93383846,34.60296433,6.397035666,770.7044554,338.8669736,30.10254673,23.75459613
,11/15/22,0.0002597921,0,53.85714286,73.78044725,10.93383846,34.60296433,6.397035666,770.7044554,338.8669736,30.10254673,23.75459613
25,11/16/22,0.0002597921,0,53.85714286,73.78044725,10.93383846,34.60296433,6.397035666,770.7044554,338.8669736,30.10254673,23.75459613
,11/17/22,0.0000000000,0,0,0,0,0,0,0,0,0,0
,11/18/22,0.0000000000,0,0,0,0,0,0,0,0,0,0
,11/19/22,0.0000000000,0,0,0,0,0,0,0,0,0,0
,11/20/22,0.0000000000,0,0,0,0,0,0,0,0,0,0
,11/21/22,0.0000000000,0,0,0,0,0,0,0,0,0,0
,11/22/22,0.0000000000,0,0,0,0,0,0,0,0,0,0
24,11/23/22,0.0000000000,0,0,0,0,0,0,0,0,0,0
,11/24/22,0.0001390569,0,69.57142857,45.66176078,6.766810649,27.97173423,5.171122908,343.2299099,150.9129472,38.88578318,30.68564539
,11/25/22,0.0001390569,0,69.57142857,45.66176078,6.766810649,27.97173423,5.171122908,343.2299099,150.9129472,38.88578318,30.68564539
,11/26/22,0.0001390569,0,69.57142857,45.66176078,6.766810649,27.97173423,5.171122908,343.2299099,150.9129472,38.88578318,30.68564539
,11/27/22,0.0001390569,0,69.57142857,45.66176078,6.766810649,27.97173423,5.171122908,343.2299099,150.9129472,38.88578318,30.68564539
,11/28/22,0.0001390569,0,69.57142857,45.66176078,6.766810649,27.97173423,5.171122908,343.2299099,150.9129472,38.88578318,30.68564539
,11/29/22,0.0001390569,0,69.57142857,45.66176078,6.766810649,27.97173423,5.171122908,343.2299099,150.9129472,38.88578318,30.68564539
23,11/30/22,0.0001390569,0,69.57142857,45.66176078,6.766810649,27.97173423,5.171122908,343.2299099,150.9129472,38.88578318,30.68564539
,12/1/22,0.0000000000,0,0,0,0,0,0,0,0,0,0
,12/2/22,0.0000000000,0,0,0,0,0,0,0,0,0,0
,12/3/22,0.0000000000,0,0,0,0,0,0,0,0,0,0
,12/4/22,0.0000000000,0,0,0,0,0,0,0,0,0,0
,12/5/22,0.0000000000,0,0,0,0,0,0,0,0,0,0
,12/6/22,0.0000000000,0,0,0,0,0,0,0,0,0,0
22,12/7/22,0.0000000000,0,0,0,0,0,0,0,0,0,0
,12/8/22,0.0001264556,0,80,33.34428308,4.94143121,51.60302695,9.539830192,273.8694858,120.4162285,44.71465828,35.28534172
,12/9/22,0.0001264556,0,80,33.34428308,4.94143121,51.60302695,9.539830192,273.8694858,120.4162285,44.71465828,35.28534172
,12/10/22,0.0001264556,0,80,33.34428308,4.94143121,51.60302695,9.539830192,273.8694858,120.4162285,44.71465828,35.28534172
,12/11/22,0.0001264556,0,80,33.34428308,4.94143121,51.60302695,9.539830192,273.8694858,120.4162285,44.71465828,35.28534172
,12/12/22,0.0001264556,0,80,33.34428308,4.94143121,51.60302695,9.539830192,273.8694858,120.4162285,44.71465828,35.28534172
,12/13/22,0.0001264556,0,80,33.34428308,4.94143121,51.60302695,9.539830192,273.8694858,120.4162285,44.71465828,35.28534172
21,12/14/22,0.0001264556,0,80,33.34428308,4.94143121,51.60302695,9.539830192,273.8694858,120.4162285,44.71465828,35.28534172
,12/15/22,0.0000160833,0,26,12.19305874,1.806941263,14.46813839,2.674718745,0,0,14.53226394,11.46773606
,12/16/22,0.0000160833,0,26,12.19305874,1.806941263,14.46813839,2.674718745,0,0,14.53226394,11.46773606
,12/17/22,0.0000160833,0,26,12.19305874,1.806941263,14.46813839,2.674718745,0,0,14.53226394,11.46773606
,12/18/22,0.0000160833,0,26,12.19305874,1.806941263,14.46813839,2.674718745,0,0,14.53226394,11.46773606
,12/19/22,0.0000160833,0,26,12.19305874,1.806941263,14.46813839,2.674718745,0,0,14.53226394,11.46773606
,12/20/22,0.0000160833,0,26,12.19305874,1.806941263,14.46813839,2.674718745,0,0,14.53226394,11.46773606
20,12/21/22,0.0000160833,0,26,12.19305874,1.806941263,14.46813839,2.674718745,0,0,14.53226394,11.46773606
,12/22/22,0.0000000000,0,0,0,0,0,0,0,0,0,0
,12/23/22,0.0000000000,0,0,0,0,0,0,0,0,0,0
,12/24/22,0.0000000000,0,0,0,0,0,0,0,0,0,0
,12/25/22,0.0000000000,0,0,0,0,0,0,0,0,0,0
,12/26/22,0.0000000000,0,0,0,0,0,0,0,0,0,0
,12/27/22,0.0000000000,0,0,0,0,0,0,0,0,0,0
19,12/28/22,0.0000000000,0,0,0,0,0,0,0,0,0,0
,12/29/22,0.0000000000,0,0,0,0,0,0,0,0,0,0
,12/30/22,0.0000000000,0,0,0,0,0,0,0,0,0,0
,12/31/22,0.0000000000,0,0,0,0,0,0,0,0,0,0
,1/1/23,0.0000000000,0,0,0,0,0,0,0,0,0,0
,1/2/23,0.0000000000,0,0,0,0,0,0,0,0,0,0
,1/3/23,0.0000000000,0,0,0,0,0,0,0,0,0,0
18,1/4/23,0.0000000000,0,0,0,0,0,0,0,0,0,0
,1/5/23,0.0001823049,0,47.14285714,56.36179191,8.352493797,53.65267989,9.918748681,500.0102677,219.8468752,26.34970934,20.7931478
,1/6/23,0.0001823049,0,47.14285714,56.36179191,8.352493797,53.65267989,9.918748681,500.0102677,219.8468752,26.34970934,20.7931478
,1/7/23,0.0001823049,0,47.14285714,56.36179191,8.352493797,53.65267989,9.918748681,500.0102677,219.8468752,26.34970934,20.7931478
,1/8/23,0.0001823049,0,47.14285714,56.36179191,8.352493797,53.65267989,9.918748681,500.0102677,219.8468752,26.34970934,20.7931478
,1/9/23,0.0001823049,0,47.14285714,56.36179191,8.352493797,53.65267989,9.918748681,500.0102677,219.8468752,26.34970934,20.7931478
,1/10/23,0.0001823049,0,47.14285714,56.36179191,8.352493797,53.65267989,9.918748681,500.0102677,219.8468752,26.34970934,20.7931478
17,1/11/23,0.0001823049,0,47.14285714,56.36179191,8.352493797,53.65267989,9.918748681,500.0102677,219.8468752,26.34970934,20.7931478
,1/12/23,0.0000046426,0,0,20.90238641,3.097613594,0,0,0,0,0,0
,1/13/23,0.0000046426,0,0,20.90238641,3.097613594,0,0,0,0,0,0
,1/14/23,0.0000046426,0,0,20.90238641,3.097613594,0,0,0,0,0,0
,1/15/23,0.0000046426,0,0,20.90238641,3.097613594,0,0,0,0,0,0
,1/16/23,0.0000046426,0,0,20.90238641,3.097613594,0,0,0,0,0,0
,1/17/23,0.0000046426,0,0,20.90238641,3.097613594,0,0,0,0,0,0
16,1/18/23,0.0000046426,0,0,20.90238641,3.097613594,0,0,0,0,0,0
,1/19/23,0.0000000000,0,0,0,0,0,0,0,0,0,0
,1/20/23,0.0000000000,0,0,0,0,0,0,0,0,0,0
,1/21/23,0.0000000000,0,0,0,0,0,0,0,0,0,0
,1/22/23,0.0000000000,0,0,0,0,0,0,0,0,0,0
,1/23/23,0.0000000000,0,0,0,0,0,0,0,0,0,0
,1/24/23,0.0000000000,0,0,0,0,0,0,0,0,0,0
15,1/25/23,0.0000000000,0,0,0,0,0,0,0,0,0,0
,1/26/23,0.0001393332,0,62.71428571,34.46405378,5.107374795,30.86536191,5.706066657,360.2971387,158.417147,35.05309818,27.66118753
,1/27/23,0.0001393332,0,62.71428571,34.46405378,5.107374795,30.86536191,5.706066657,360.2971387,158.417147,35.05309818,27.66118753
,1/28/23,0.0001393332,0,62.71428571,34.46405378,5.107374795,30.86536191,5.706066657,360.2971387,158.417147,35.05309818,27.66118753
,1/29/23,0.0001393332,0,62.71428571,34.46405378,5.107374795,30.86536191,5.706066657,360.2971387,158.417147,35.05309818,27.66118753
,1/30/23,0.0001393332,0,62.71428571,34.46405378,5.107374795,30.86536191,5.706066657,360.2971387,158.417147,35.05309818,27.66118753
,1/31/23,0.0001393332,0,62.71428571,34.46405378,5.107374795,30.86536191,5.706066657,360.2971387,158.417147,35.05309818,27.66118753
14,2/1/23,0.0001393332,0,62.71428571,34.46405378,5.107374795,30.86536191,5.706066657,360.2971387,158.417147,35.05309818,27.66118753
,2/2/23,0.0001234434,0,69,29.36287614,4.351409572,24.83697092,4.591600513,303.5386801,133.4613199,38.56639276,30.43360724
,2/3/23,0.0001234434,0,69,29.36287614,4.351409572,24.83697092,4.591600513,303.5386801,133.4613199,38.56639276,30.43360724
,2/4/23,0.0001234434,0,69,29.36287614,4.351409572,24.83697092,4.591600513,303.5386801,133.4613199,38.56639276,30.43360724
,2/5/23,0.0001234434,0,69,29.36287614,4.351409572,24.83697092,4.591600513,303.5386801,133.4613199,38.56639276,30.43360724
,2/6/23,0.0001234434,0,69,29.36287614,4.351409572,24.83697092,4.591600513,303.5386801,133.4613199,38.56639276,30.43360724
,2/7/23,0.0001234434,0,69,29.36287614,4.351409572,24.83697092,4.591600513,303.5386801,133.4613199,38.56639276,30.43360724
13,2/8/23,0.0001234434,0,69,29.36287614,4.351409572,24.83697092,4.591600513,303.5386801,133.4613199,38.56639276,30.43360724
,2/9/23,0.0000000000,0,0,0,0,0,0,0,0,0,0
,2/10/23,0.0000000000,0,0,0,0,0,0,0,0,0,0
,2/11/23,0.0000000000,0,0,0,0,0,0,0,0,0,0
,2/12/23,0.0000000000,0,0,0,0,0,0,0,0,0,0
,2/13/23,0.0000000000,0,0,0,0,0,0,0,0,0,0
,2/14/23,0.0000000000,0,0,0,0,0,0,0,0,0,0
12,2/15/23,0.0000000000,0,0,0,0,0,0,0,0,0,0
,2/16/23,0.0000138449,0,0,0.124418967,0.018438176,0,0,49.61403728,21.81453415,0,0
,2/17/23,0.0000138449,0,0,0.124418967,0.018438176,0,0,49.61403728,21.81453415,0,0
,2/18/23,0.0000138449,0,0,0.124418967,0.018438176,0,0,49.61403728,21.81453415,0,0
,2/19/23,0.0000138449,0,0,0.124418967,0.018438176,0,0,49.61403728,21.81453415,0,0
,2/20/23,0.0000138449,0,0,0.124418967,0.018438176,0,0,49.61403728,21.81453415,0,0
,2/21/23,0.0000138449,0,0,0.124418967,0.018438176,0,0,49.61403728,21.81453415,0,0
11,2/22/23,0.0000138449,0,0,0.124418967,0.018438176,0,0,49.61403728,21.81453415,0,0
,2/23/23,0.0000000000,0,0,0,0,0,0,0,0,0,0
,2/24/23,0.0000000000,0,0,0,0,0,0,0,0,0,0
,2/25/23,0.0000000000,0,0,0,0,0,0,0,0,0,0
,2/26/23,0.0000000000,0,0,0,0,0,0,0,0,0,0
,2/27/23,0.0000000000,0,0,0,0,0,0,0,0,0,0
,2/28/23,0.0000000000,0,0,0,0,0,0,0,0,0,0
10,3/1/23,0.0000000000,0,0,0,0,0,0,0,0,0,0
,3/2/23,0.0000000000,0,0,0,0,0,0,0,0,0,0
,3/3/23,0.0000000000,0,0,0,0,0,0,0,0,0,0
,3/4/23,0.0000000000,0,0,0,0,0,0,0,0,0,0
,3/5/23,0.0000000000,0,0,0,0,0,0,0,0,0,0
,3/6/23,0.0000000000,0,0,0,0,0,0,0,0,0,0
,3/7/23,0.0000000000,0,0,0,0,0,0,0,0,0,0
9,3/8/23,0.0000000000,0,0,0,0,0,0,0,0,0,0
,3/9/23,0.0000000000,0,0,0,0,0,0,0,0,0,0
,3/10/23,0.0000000000,0,0,0,0,0,0,0,0,0,0
,3/11/23,0.0000000000,0,0,0,0,0,0,0,0,0,0
,3/12/23,0.0000000000,0,0,0,0,0,0,0,0,0,0
,3/13/23,0.0000000000,0,0,0,0,0,0,0,0,0,0
,3/14/23,0.0000000000,0,0,0,0,0,0,0,0,0,0
8,3/15/23,0.0000000000,0,0,0,0,0,0,0,0,0,0
,3/16/23,0.0000000000,0,0,0,0,0,0,0,0,0,0
,3/17/23,0.0000000000,0,0,0,0,0,0,0,0,0,0
,3/18/23,0.0000000000,0,0,0,0,0,0,0,0,0,0
,3/19/23,0.0000000000,0,0,0,0,0,0,0,0,0,0
,3/20/23,0.0000000000,0,0,0,0,0,0,0,0,0,0
,3/21/23,0.0000000000,0,0,0,0,0,0,0,0,0,0
7,3/22/23,0.0000000000,0,0,0,0,0,0,0,0,0,0
,3/23/23,0.0000322495,0,23.57142857,6.843043169,1.014099688,5.425551899,1.00301953,73.13109096,32.15462334,13.17485467,10.3965739
,3/24/23,0.0000322495,0,23.57142857,6.843043169,1.014099688,5.425551899,1.00301953,73.13109096,32.15462334,13.17485467,10.3965739
,3/25/23,0.0000322495,0,23.57142857,6.843043169,1.014099688,5.425551899,1.00301953,73.13109096,32.15462334,13.17485467,10.3965739
,3/26/23,0.0000322495,0,23.57142857,6.843043169,1.014099688,5.425551899,1.00301953,73.13109096,32.15462334,13.17485467,10.3965739
,3/27/23,0.0000322495,0,23.57142857,6.843043169,1.014099688,5.425551899,1.00301953,73.13109096,32.15462334,13.17485467,10.3965739
,3/28/23,0.0000322495,0,23.57142857,6.843043169,1.014099688,5.425551899,1.00301953,73.13109096,32.15462334,13.17485467,10.3965739
6,3/29/23,0.0000322495,0,23.57142857,6.843043169,1.014099688,5.425551899,1.00301953,73.13109096,32.15462334,13.17485467,10.3965739
,3/30/23,0.0000000000,0,0,0,0,0,0,0,0,0,0
,3/31/23,0.0000000000,0,0,0,0,0,0,0,0,0,0
,4/1/23,0.0000000000,0,0,0,0,0,0,0,0,0,0
,4/2/23,0.0000000000,0,0,0,0,0,0,0,0,0,0
,4/3/23,0.0000000000,0,0,0,0,0,0,0,0,0,0
,4/4/23,0.0000000000,0,0,0,0,0,0,0,0,0,0
5,4/5/23,0.0000000000,0,0,0,0,0,0,0,0,0,0
,4/6/23,0.0000000000,0,0,0,0,0,0,0,0,0,0
,4/7/23,0.0000000000,0,0,0,0,0,0,0,0,0,0
,4/8/23,0.0000000000,0,0,0,0,0,0,0,0,0,0
,4/9/23,0.0000000000,0,0,0,0,0,0,0,0,0,0
,4/10/23,0.0000000000,0,0,0,0,0,0,0,0,0,0
,4/11/23,0.0000000000,0,0,0,0,0,0,0,0,0,0
4,4/12/23,0.0000000000,0,0,0,0,0,0,0,0,0,0
,4/13/23,0.0000078482,0,0,2.488379334,0.368763523,3.255331139,0.601811718,23.51705367,10.34008919,0,0
,4/14/23,0.0000078482,0,0,2.488379334,0.368763523,3.255331139,0.601811718,23.51705367,10.34008919,0,0
,4/15/23,0.0000078482,0,0,2.488379334,0.368763523,3.255331139,0.601811718,23.51705367,10.34008919,0,0
,4/16/23,0.0000078482,0,0,2.488379334,0.368763523,3.255331139,0.601811718,23.51705367,10.34008919,0,0
,4/17/23,0.0000078482,0,0,2.488379334,0.368763523,3.255331139,0.601811718,23.51705367,10.34008919,0,0
,4/18/23,0.0000078482,0,0,2.488379334,0.368763523,3.255331139,0.601811718,23.51705367,10.34008919,0,0
3,4/19/23,0.0000078482,0,0,2.488379334,0.368763523,3.255331139,0.601811718,23.51705367,10.34008919,0,0
,4/20/23,0.0000593037,0,98.42857143,3.483731068,0.516268932,0,0,73.42877516,32.28551054,55.0149992,43.41357223
,4/21/23,0.0000593037,0,98.42857143,3.483731068,0.516268932,0,0,73.42877516,32.28551054,55.0149992,43.41357223
,4/22/23,0.0000593037,0,98.42857143,3.483731068,0.516268932,0,0,73.42877516,32.28551054,55.0149992,43.41357223
,4/23/23,0.0000593037,0,98.42857143,3.483731068,0.516268932,0,0,73.42877516,32.28551054,55.0149992,43.41357223
,4/24/23,0.0000593037,0,98.42857143,3.483731068,0.516268932,0,0,73.42877516,32.28551054,55.0149992,43.41357223
,4/25/23,0.0000593037,0,98.42857143,3.483731068,0.516268932,0,0,73.42877516,32.28551054,55.0149992,43.41357223
2,4/26/23,0.0000593037,0,98.42857143,3.483731068,0.516268932,0,0,73.42877516,32.28551054,55.0149992,43.41357223
,4/27/23,0.0000301493,0,60.85714286,0,0,0,0,23.71550982,10.42734732,34.01507933,26.84206353
,4/28/23,0.0000301493,0,60.85714286,0,0,0,0,23.71550982,10.42734732,34.01507933,26.84206353
,4/29/23,0.0000301493,0,60.85714286,0,0,0,0,23.71550982,10.42734732,34.01507933,26.84206353
,4/30/23,0.0000301493,0,60.85714286,0,0,0,0,23.71550982,10.42734732,34.01507933,26.84206353
,5/1/23,0.0000301493,0,60.85714286,0,0,0,0,23.71550982,10.42734732,34.01507933,26.84206353
,5/2/23,0.0000301493,0,60.85714286,0,0,0,0,23.71550982,10.42734732,34.01507933,26.84206353
1,5/3/23,0.0000301493,0,60.85714286,0,0,0,0,23.71550982,10.42734732,34.01507933,26.84206353
,5/4/23,0.0000730104,0,57.85714286,18.91168294,2.802602775,16.15608787,2.986769265,153.4066033,67.45053961,32.33827965,25.51886321
,5/5/23,0.0000730104,0,57.85714286,18.91168294,2.802602775,16.15608787,2.986769265,153.4066033,67.45053961,32.33827965,25.51886321
,5/6/23,0.0000730104,0,57.85714286,18.91168294,2.802602775,16.15608787,2.986769265,153.4066033,67.45053961,32.33827965,25.51886321
,5/7/23,0.0000730104,0,57.85714286,18.91168294,2.802602775,16.15608787,2.986769265,153.4066033,67.45053961,32.33827965,25.51886321
,5/8/23,0.0000730104,0,57.85714286,18.91168294,2.802602775,16.15608787,2.986769265,153.4066033,67.45053961,32.33827965,25.51886321
,5/9/23,0.0000730104,0,57.85714286,18.91168294,2.802602775,16.15608787,2.986769265,153.4066033,67.45053961,32.33827965,25.51886321
0,5/10/23,0.0000730104,0,57.85714286,18.91168294,2.802602775,16.15608787,2.986769265,153.4066033,67.45053961,32.33827965,25.51886321