vaccine_time,vaccine_amount,A1-R1,A1-R2,A2-R1,A2-R2,A3-R1,A3-R2,A4-R1,A4-R2,A5-R1,A5-R2
12/15/21,0.003984704,0,0,0,0,7535.766055,1393.133945,4287.188652,1885.011348,1921.61244,1516.38756
12/16/21,0.004855578,0,0,0,0,8776.15573,1622.44427,4971.713525,2185.986475,2814.005232,2220.594768
12/17/21,0.004430587,0,0,0,0,8364.464852,1546.335149,4588.504624,2017.495376,2289.83765,1806.96235
12/18/21,0.004622094,0,0,0,0,9086.063256,1679.736746,4695.403028,2064.496972,2223.939423,1754.960577
12/19/21,0.003270711,0,0,0,0,7077.740963,1308.459037,3203.20132,1408.39868,1240.496407,978.9035931
12/20/21,0.003031617,0,0,0,0,7436.261433,1374.738567,2629.950811,1156.349189,842.5918419,664.9081581
12/21/21,0.002878798,0,0,0,0,5958.883651,1101.616349,2802.488587,1232.211413,1284.763919,1013.836082
12/22/21,0.003973871,0,0,0,0,8534.610159,1577.789841,3635.170898,1598.329103,1756.615351,1386.184649
12/23/21,0.004359788,0,0,0,0,9417.238938,1740.961058,3924.609268,1725.590732,1942.740115,1533.059885
12/24/21,2.01E-05,0,0,0,0,34.18097696,6.319023036,14.378148,6.321851996,18.1094366,14.2905634
12/25/21,2.51E-06,0,0,0,0,8.355349924,1.544650076,0.62513687,0.27486313,0.503039905,0.396960095
12/26/21,0.007039148,0,0,0,0,15521.96143,2869.538572,6490.796118,2853.903882,2802.435314,2211.464686
12/27/21,0.000518617,0,0,0,0,1104.425345,204.1746555,480.1051159,211.0948841,230.8953167,182.2046833
12/28/21,0.002465414,0,0,0,0,4965.356587,917.9434134,2443.034887,1074.165113,1156.991783,913.0082175
12/29/21,0.003232797,0,0,0,0,6896.201997,1274.898003,3098.178327,1362.221673,1346.637828,1062.662172
12/30/21,0.003876377,0,0,0,0,8701.717158,1608.682842,3499.516197,1538.683803,1501.574118,1184.925882
12/31/21,1.68E-05,0,0,0,0,29.62351337,5.476486631,15.00328488,6.596715127,12.07295773,9.527042268
1/1/22,0,0,0,0,0,0,0,0,0,0,0
1/2/22,0.006695208,0,0,0,0,14975.82537,2768.574626,6049.449488,2659.850512,2624.862227,2071.337773
1/3/22,0.000474319,0,0,0,0,1055.052823,195.0471778,418.8417027,184.1582973,197.6946829,156.0053171
1/4/22,0.002139658,0,0,0,0,4649.372445,859.5275557,2058.575712,905.1242877,828.5067246,653.7932754
1/5/22,0.003069145,0,0,0,0,6745.805699,1247.094302,2721.84593,1196.75407,1323.497992,1044.402008
1/6/22,0.00283334,0,0,0,0,6252.080476,1155.819524,2569.312535,1129.687466,1160.010023,915.3899775
1/7/22,0.002646668,0,0,0,0,6037.879686,1116.220314,2316.132103,1018.367897,1020.164928,805.0350714
1/8/22,0.002674331,0,0,0,0,6254.359207,1156.240793,2298.003134,1010.396867,963.3214188,760.1785808
1/9/22,0.002073501,0,0,0,0,5181.07653,957.82347,1726.628034,759.1719659,571.4533328,450.9466673
1/10/22,0.001274007,0,0,0,0,3153.005231,582.8947694,1089.613564,479.0864361,348.1036147,274.6963853
1/11/22,0.00223812,0,0,0,0,5091.446413,941.2535871,2036.070785,895.2292154,809.894248,639.105752
1/12/22,0.002457289,0,0,0,0,5595.046141,1034.353859,2123.589947,933.7100535,975.8974167,770.1025831
1/13/22,0.00289969,0,0,0,0,6711.624721,1240.775279,2456.787898,1080.212102,1118.76075,882.8392499
1/14/22,0.002597534,0,0,0,0,6255.118785,1156.381215,2041.07188,897.4281204,969.8609376,765.339062
1/15/22,0.002703347,0,0,0,0,6441.215215,1190.784785,2187.353907,961.746093,1004.067652,792.3323484
1/16/22,0.001838663,0,0,0,0,4549.108245,840.9917548,1562.842175,687.1578258,511.0885441,403.3114559
1/17/22,0.001152332,0,0,0,0,2803.599689,518.3003117,952.7085891,418.8914105,373.25561,294.5443901
1/18/22,0.001146529,0,0,0,0,2692.701408,497.7985926,996.4681704,438.1318297,396.3954456,312.8045544
1/19/22,0.002389391,0,0,0,0,5434.01576,1004.58424,2096.083924,921.6160758,928.1086254,732.3913742
1/20/22,0.002034813,0,0,0,0,4367.569279,807.4307213,1850.405135,813.5948657,909.999189,718.1008107
1/21/22,0.002191113,0,0,0,0,5329.953674,985.3463259,1731.003992,761.0960078,775.1844945,611.7155055
1/22/22,0.002174091,0,0,0,0,4896.235056,905.1649443,2066.077355,908.4226455,748.5233795,590.6766205
1/23/22,0.001700932,0,0,0,0,4106.2747,759.1253008,1516.582046,666.8179541,483.4213493,381.4786508
1/24/22,0.001111129,0,0,0,0,2732.959003,505.2409974,963.9610533,423.8389469,303.836103,239.763897
1/25/22,0.001269557,0,0,0,0,3098.315668,572.7843326,1062.107542,466.9924584,394.8863259,311.6136741
1/26/22,0.01084163,0,0,37308.40822,5528.891784,3692.305089,682.5949106,1465.94596,644.5540405,625.2786027,493.4213973
1/27/22,0.0019526,0,0,1044.074201,154.7257991,3943.725164,729.0748356,1436.564526,631.6354734,639.8667599,504.9332401
1/28/22,0.001840984,0,0,761.108145,112.791855,3724.966912,688.6330882,1419.685831,624.2141689,689.6677106,544.2322894
1/29/22,0.001741168,0,0,1063.670189,157.6298118,3460.634024,639.7659768,1269.652982,558.2470176,531.7131803,419.5868198
1/30/22,0.001929193,0,0,1218.086568,180.5134322,3980.184873,735.8151269,1381.552482,607.4475179,487.4456686,384.6543314
1/31/22,0.001013054,0,0,826.9506622,122.5493378,2029.590455,375.2095456,677.6483667,297.9516333,214.2949998,169.1050002
2/1/22,0.001366665,0,0,693.6979488,102.8020512,2754.986743,509.3132567,1058.981857,465.6181427,432.1112789,340.9887211
2/2/22,0.001392586,0,0,589.4472966,87.35270335,2717.00788,502.29212,1088.363291,478.5367099,567.9320534,448.1679466
2/3/22,0.000795432,0,0,418.5702878,62.02971221,1819.187552,336.3124483,550.1204454,241.8795546,152.4210914,120.2789086
2/4/22,0.000967402,0,0,469.5198547,69.58014535,2013.639332,372.2606682,765.7926654,336.7073346,264.5989904,208.8010096
2/5/22,0.001077083,0,0,554.1745196,82.12548041,2131.373808,394.026192,811.4276569,356.7723431,380.8012085,300.4987915
2/6/22,0.001072054,0,0,825.3829832,122.3170168,2143.527044,396.2729558,747.0385593,328.4614407,237.4348354,187.3651646
2/7/22,0.000675692,0,0,560.4452355,83.05476449,1367.239079,252.7609215,456.9750518,200.9249483,124.2508567,98.04914334
2/8/22,0.000918654,0,0,480.4936075,71.20639249,1722.721239,318.478761,737.6615062,324.3384938,346.0914551,273.1085449
2/9/22,0.001086175,0,0,478.9259285,70.97407147,2103.26945,388.8305509,865.1894277,380.4105723,428.0869597,337.8130403
2/10/22,0.000864491,0,0,464.8168177,68.8831823,1808.55347,334.34653,643.2658389,282.8341611,234.4165961,184.983404
2/11/22,0.001192761,0,0,527.5239769,78.17602307,2451.155837,453.1441631,913.9501035,401.8498965,404.4440841,319.1559159
2/12/22,0.001053096,0,0,547.9038037,81.19619633,2129.854654,393.7453466,778.2954028,342.2045972,350.1157743,276.2842257
2/13/22,0.000967982,0,0,772.0818979,114.4181021,1946.796532,359.9034676,667.02104,293.27896,195.6825233,154.4174767
2/14/22,0.000521906,0,0,431.1117196,63.88828037,1012.516495,187.1835046,361.3291107,158.8708893,119.2204576,94.07954241
2/15/22,0.000686718,0,0,387.2167082,57.38329183,1356.604997,250.7950031,526.3652443,231.4347557,215.3010796,169.8989204
2/16/22,0.000705095,0,0,234.3680076,34.73199242,1464.464968,270.7350314,537.6177079,236.3822921,280.6962674,221.5037327
2/17/22,0.000482443,0,0,230.4488102,34.15118988,927.4438413,171.4561584,353.8274683,155.5725317,207.7554811,163.9445189
2/18/22,0.000621915,0,0,282.966056,41.93394403,1220.640666,225.6593338,461.9761467,203.1238533,255.5442721,201.6557279
2/19/22,0.000600636,0,0,326.8610674,48.43893257,1199.372503,221.7274972,439.4712194,193.2287806,204.2342017,161.1657983
2/20/22,0.000585161,0,0,418.5702878,62.02971221,1179.623494,218.0765061,421.3422502,185.2577498,132.8025351,104.7974649
2/21/22,0.000429634,0,0,322.1580305,47.74196952,834.7754152,154.3245848,295.0646025,129.7353975,120.2265374,94.87346256
2/22/22,0.000510299,0,0,403.6773375,59.82266254,973.7780544,180.0219452,330.0722672,145.1277328,157.4514905,124.2485096
2/23/22,0.000660603,0,0,305.6974012,45.30259881,1315.587824,243.2121755,496.9838114,218.5161886,250.513873,197.686127
2/24/22,0.000451686,0,0,290.0206114,42.97938862,943.3949643,174.4050358,278.8110439,122.5889561,139.3420539,109.9579461
2/25/22,0.000690974,0,0,217.9073783,32.29262172,1349.768802,249.5311986,586.3783838,257.8216163,291.2601054,229.8398946
2/26/22,0.000688265,0,0,326.0772279,48.32277206,1478.13736,273.2626407,479.4799791,210.8200209,215.8041195,170.2958805
2/27/22,0.000501401,0,0,340.9701782,50.52982175,1025.429309,189.5706911,360.0788369,158.3211631,116.2022182,91.69778178
2/28/22,0.000404293,0,0,279.0468585,41.35314148,684.3791165,126.5208835,333.1979516,146.5020484,150.9119717,119.0880284
3/1/22,0.000497919,0,0,235.9356865,34.96431344,1004.161145,185.6388545,355.077742,156.122258,192.6642839,152.0357162
3/2/22,0.000615918,0,0,191.2568356,28.34316438,1310.270783,242.2292164,471.9783366,207.5216634,231.3983566,182.6016434
3/3/22,0.001934803,0,0,988.4215971,146.4784028,3519.121473,650.5785273,1568.468406,689.6315939,804.3608091,634.7391909
3/4/22,0.00061379,0,0,171.6608484,25.43915164,1282.926002,237.173998,475.1040209,208.8959791,254.0351524,200.4648476
3/5/22,0.000502561,0,0,214.7720203,31.82797967,1065.686904,197.013096,345.7006889,151.9993111,185.1186853,146.0813147
3/6/22,0.00046484,0,0,350.3762521,51.92374787,859.841465,158.9585351,343.2001415,150.8998586,138.335974,109.164026
3/7/22,0.000219363,0,0,166.9578115,24.74218859,426.1228462,78.77715386,159.4099018,70.09009823,52.81919009,41.68080991
3/8/22,0.000401005,0,0,184.2022802,27.29771979,746.6644524,138.0355476,259.4318009,114.0681991,221.3375585,174.6624416
3/9/22,0.000437565,0,0,170.0931694,25.20683062,907.6948326,167.8051673,334.4482253,147.0517747,158.4575703,125.0424297
3/10/22,0,0,0,0,0,0,0,0,0,0,0
3/11/22,0.00077396,0,0,310.4004381,45.99956187,1433.322301,264.9776993,547.6198979,240.7801021,423.5596006,334.2403994
3/12/22,0.000461358,0,0,171.6608484,25.43915164,807.4306337,149.2693664,481.3553897,211.6446103,167.5122886,132.1877114
3/13/22,0.000406421,0,0,238.287205,35.31279497,824.9009108,152.4990893,351.3269208,154.4730792,74.95294594,59.14705406
3/14/22,0.000240641,0,0,163.038614,24.16138603,500.5614182,92.53858176,170.0372286,74.76277144,52.81919009,41.68080991
3/15/22,0.000492309,0,0,183.4184408,27.18155929,910.7331417,168.3668582,434.4701244,191.0298756,209.7676407,165.5323593
3/16/22,0.000412224,0,0,159.9032561,23.696744,757.298534,140.001466,297.56515,130.83485,228.3801171,180.2198829
3/17/22,0.000527515,0,0,96.41225727,14.2877427,1326.221906,245.1780938,358.2034263,157.4965737,143.3663731,113.1336269
3/18/22,0.000454781,0,0,170.8770089,25.32299113,872.7542785,161.3457215,331.9476778,145.9523222,227.8770773,179.8229228
3/19/22,0.000551309,0,0,228.0972917,33.80270835,870.4755467,160.9244533,348.2012364,153.0987636,430.6021592,339.7978408
3/20/22,0.000453427,0,0,277.4791796,41.12082046,877.3117421,162.188258,342.5750046,150.6249954,144.3724529,113.9275471
3/21/22,0.000276041,0,0,145.0103057,21.48969431,550.6935178,101.8064822,233.1760524,102.5239476,72.43774641,57.16225359
3/22/22,0.000535253,0,0,242.9902419,36.00975803,1063.408172,196.5918278,398.212186,175.087814,211.2767604,166.7232396
3/23/22,0.000552276,0,0,161.470935,23.92906501,1060.369863,196.0301369,453.8493674,199.5506326,265.1020303,209.1979697
3/24/22,0.000418608,0,0,235.9356865,34.96431344,978.3355185,180.8644816,202.5443458,89.05565421,126.2630163,99.63698373
3/25/22,0.00050082,0,0,169.3093299,25.09067012,1004.161145,185.6388545,405.0886916,178.1113084,202.725082,159.974918
3/26/22,0.000518617,0,0,203.7982675,30.20173254,1017.073959,188.0260411,418.8417027,184.1582973,207.2524411,163.5475589
3/27/22,0.000289389,0,0,181.8507617,26.94923826,550.6935178,101.8064822,222.5487256,97.85127438,92.05630272,72.64369727
3/28/22,0.000206983,0,0,116.0082446,17.19175545,422.3249599,78.07504019,156.9093543,68.9906457,57.84958914,45.65041086
3/29/22,0.000240061,0,0,117.5759235,17.42407646,454.227205,83.97279501,188.1661978,82.73380222,96.58366191,76.21633813
3/30/22,0.000368313,0,0,129.3335159,19.16648411,622.0937807,115.0062193,316.9443929,139.3556071,207.7554811,163.9445189
3/31/22,0.000280684,0,0,246.1255999,36.47440007,516.5125408,95.48745921,200.6689352,88.23106482,68.41342716,53.98657284
4/1/22,0.000499273,0,0,271.2084637,40.19153639,815.0264063,150.6735937,374.4569849,164.6430151,283.2114668,223.4885332
4/2/22,0.000598702,0,0,255.5316738,37.86832618,799.0752837,147.7247163,383.2089011,168.4910989,555.3560558,438.2439442
4/3/22,0.000315697,0,0,134.0365528,19.86344717,497.5231091,91.97689086,263.1826221,115.7173779,193.6703637,152.8296363
4/4/22,0.000163071,0,0,79.95162801,11.84837199,253.6988068,46.9011932,140.0306588,61.56934118,92.05630272,72.64369727
4/5/22,0.000525001,0,0,608.2594444,90.14055561,611.459699,113.040301,345.0755521,151.7244479,292.2661851,230.6338149
4/6/22,0.000311634,0,0,82.30314648,12.19685352,494.4848,91.41519996,258.1815272,113.5184729,222.3436383,175.4563617
4/7/22,0.000161524,0,0,123.0628,18.23720003,243.8243024,45.07569766,93.14539362,40.95460642,104.6323004,82.56769963
4/8/22,0.000485538,0,0,76.81627004,11.38372996,1122.655199,207.5448011,238.8022843,104.9977157,277.6780279,219.1219721
4/9/22,0.000317051,0,0,99.54761526,14.75238474,448.1505869,82.84941314,248.1793373,109.1206627,264.0959504,208.4040496
4/10/22,0.000257664,0,0,125.4143184,18.58568156,397.25891,73.44108995,210.0459883,92.35401174,157.4514905,124.2485096
4/11/22,0.000182029,0,0,85.43850443,12.66149557,280.2840111,51.8159889,153.1585331,67.34146692,109.6626994,86.53730058
4/12/22,0.00055363,0,0,110.5213681,16.37863187,890.2245556,164.5754444,481.9805266,211.9194734,391.3650465,308.8349535
4/13/22,0.000467162,0,0,139.5234293,20.67657074,989.7291774,182.9708226,282.5618651,124.2381349,242.4652345,191.3347655
4/14/22,0.000196924,0,0,0,0,677.5429211,125.2570789,24.38033792,10.71966209,43.76447179,34.53552821
4/15/22,0.00057781,0,0,133.2527134,19.74728666,987.4504458,182.5495544,523.8646969,230.3353031,341.5640959,269.5359041
4/16/22,0.000286874,0,0,168.5254904,24.9745096,385.1056738,71.19432621,253.1804323,111.3195677,179.0822064,141.3177936
4/17/22,0.000176032,0,0,76.03243055,11.26756945,274.207393,50.69260703,160.6601755,70.63982448,98.09278155,77.40721841
4/18/22,0.000126511,0,0,76.03243055,11.26756945,211.9220572,39.17794282,91.89511983,40.40488015,65.89822764,52.00177236
4/19/22,0.000304477,0,0,124.6304789,18.46952105,381.3077875,70.49221254,251.3050216,110.4949784,257.0533917,202.8466083
4/20/22,1.37E-05,0,0,0,0,9.874504458,1.825495544,5.626231827,2.473768173,24.64895537,19.45104463
4/21/22,4.84E-05,0,0,30.56974012,4.530259881,0,0,76.2666981,33.5333019,44.7705516,35.3294484
4/22/22,0.000425958,0,0,86.22234392,12.77765608,710.9643209,131.4356792,365.0799319,160.5200681,287.738826,227.061174
4/23/22,0.000808006,0,0,78.38394902,11.61605098,2160.997322,399.5026786,385.0843118,169.3156883,309.8725818,244.5274182
4/24/22,0.0002625,0,0,72.1132331,10.6867669,319.782029,59.11797108,261.3072116,114.8927884,214.2949998,169.1050002
4/25/22,9.94E-05,0,0,28.21822165,4.181778352,158.7516485,29.34835143,94.39566732,41.50433267,59.35870886,46.84129114
4/26/22,0.000725019,0,0,80.73546749,11.96453251,1718.163776,317.6362247,346.3258258,152.2741742,417.0200818,329.0799182
4/27/22,0.000500627,0,0,87.79002291,13.00997709,557.5297131,103.0702869,405.0886916,178.1113084,550.3256567,434.2743433
4/28/22,0.000551696,0,0,159.9032561,23.696744,756.5389568,139.8610432,560.1226352,246.2773648,380.2981686,300.1018314
4/29/22,0.000399264,0,0,90.9253809,13.47461914,585.634072,108.265928,393.8362279,173.1637721,275.1628284,217.1371716
4/30/22,0.00066099,0,0,187.3376382,27.76236184,1353.566687,250.2333122,559.4974984,246.0025016,252.0229928,198.8770073
5/1/22,0.000170809,0,0,49.38188789,7.318112116,254.458384,47.04161594,150.6579856,66.2420144,122.7417369,96.85826307
5/2/22,0.000158622,0,0,79.95162801,11.84837199,215.7199435,39.88005649,115.025184,50.57481597,125.7599764,99.24002361
5/3/22,0.000419188,0,0,102.6829733,15.21702678,764.8943067,141.4056933,410.0897866,180.3102134,187.6338848,148.0661152
5/4/22,0.000716314,0,0,72.89707259,10.80292741,1118.097735,206.7022647,592.0046156,260.2953844,599.1205276,472.7794724
5/5/22,0.000930648,0,0,80.73546749,11.96453251,1664.993367,307.8066333,1127.121776,495.5782239,358.6674527,283.0325473
5/6/22,0.001451973,0,0,99.54761526,14.75238474,2545.343418,470.5565821,1406.557957,618.4420431,894.4049522,705.7950478
5/7/22,0.00099371,0,0,144.2264662,21.3735338,1639.927317,303.172683,978.9643377,430.435662,617.7330041,487.466996
5/8/22,0.000223425,0,0,106.6021707,15.79782933,359.2800467,66.41995325,176.2885973,77.51140274,132.8025351,104.7974649
5/9/22,0.000146822,0,0,87.00618342,12.89381658,222.5561389,41.14386111,112.5246365,49.47536345,88.03198348,69.46801652
5/10/22,0.000912658,0,0,76.81627004,11.38372996,1434.841456,265.2585448,912.6998298,401.3001702,639.3637201,504.5362799
5/11/22,0.001271685,0,0,165.3901324,24.50986756,2173.910135,401.8898651,1528.459646,672.0403536,531.2101403,419.1898597
5/12/22,0.00036251,0,0,138.7395897,20.56041023,791.479511,146.320489,409.4646496,180.0353504,0,0
5/13/22,0.000444142,0,0,119.1436025,17.65639749,788.441202,145.758798,364.4547951,160.2452049,263.0898707,207.6101294
5/14/22,0.000479155,0,0,94.84457832,14.05542168,714.7622072,132.1377928,411.9651971,181.1348029,380.2981686,300.1018314
5/15/22,0.000211045,0,0,105.0344917,15.56550831,337.2523061,62.34769396,176.9137341,77.78626587,115.6991783,91.30082175
5/16/22,0.000209691,0,0,95.62841784,14.1715822,320.5416062,59.25839381,204.4197564,89.88024361,107.1474999,84.55250011
5/17/22,0.000695616,0,0,92.49305985,13.70694015,1164.431948,215.2680514,667.02104,293.27896,441.6690371,348.5309629
5/18/22,0.000493083,0,0,101.8991337,15.10086627,780.085852,144.214148,475.1040209,208.8959791,317.9212204,250.8787796
5/19/22,0,0,0,0,0,0,0,0,0,0,0
5/20/22,0.000290162,0,0,90.14154138,13.35845862,425.3632689,78.63673112,241.3028318,106.0971683,220.8345186,174.2654814
5/21/22,0.000552663,0,0,116.0082446,17.19175545,837.054147,154.745853,473.8537472,208.3462528,427.0808799,337.0191201
5/22/22,0.00020176,0,0,117.5759235,17.42407646,311.426679,57.57332099,185.6656503,81.6343497,93.56542245,73.83457756
5/23/22,0.00022536,0,0,95.62841784,14.1715822,274.207393,50.69260703,235.6765999,103.6234001,153.4271712,121.0728288
5/24/22,0.000283779,0,0,100.3314548,14.86854525,309.9075245,57.29247553,345.0755521,151.7244479,190.6521242,150.4478758
5/25/22,0.000582646,0,0,137.9557503,20.44424972,922.1268006,170.4731992,600.1313949,263.8686051,333.0124175,262.7875825
5/26/22,0.000396362,0,0,138.7395897,20.56041023,616.0171626,113.8828374,308.1924768,135.5075232,285.7266664,225.4733336
5/27/22,0.00036367,0,0,112.0890471,16.6109529,498.2826864,92.11731363,327.5717198,144.0282803,280.1932274,221.1067726
5/28/22,3.87E-06,0,0,0,0,3.038309063,0.561690937,4.375958088,1.924041912,4.52735915,3.57264085
5/29/22,1.35E-06,0,0,0,0,3.797886329,0.702113671,0.62513687,0.27486313,0.503039905,0.396960095
5/30/22,7.74E-07,0,0,0.78383949,0.11616051,1.519154532,0.280845468,0.62513687,0.27486313,0,0
5/31/22,0.000854432,0,0,380.9459922,56.45400775,1289.002621,238.2973799,773.2943078,340.0056922,501.5307859,395.7692141
6/1/22,0.000271012,0,0,81.51930698,12.08069302,386.6248283,71.47517168,252.5552953,111.0447047,193.1673237,152.4326763
6/2/22,4.22E-05,0,0,170.8770089,25.32299113,0,0,0,0,0,0
6/3/22,0.000378952,0,0,140.3072688,20.79273125,565.1254858,104.4745142,295.6897394,130.0102606,283.2114668,223.4885332
6/4/22,0.000286874,0,0,127.7658369,18.93416309,360.7992013,66.70079871,235.051463,103.348537,235.9257157,186.1742843
6/5/22,0.000156881,0,0,108.1698496,16.03015034,277.245702,51.25429796,111.2743628,48.92563719,65.39518773,51.60481227
6/6/22,0.000129799,0,0,58.00412228,8.595877723,178.5006575,32.99934253,131.9038795,57.99612049,75.95902575,59.94097425
6/7/22,0.0003097,0,0,147.3618242,21.83817584,505.1188818,93.3811182,260.6820746,114.6179254,166.5062087,131.3937913
6/8/22,0.000309507,0,0,146.5779847,21.72201533,539.2998588,99.70014123,209.4208513,92.07914868,185.1186853,146.0813147
6/9/22,4.08E-05,0,0,165.3901324,24.50986756,0,0,0,0,0,0
6/10/22,0.000406808,0,0,129.3335159,19.16648411,416.2483417,76.95165831,265.0580328,116.5419672,485.9365488,383.4634512
6/11/22,0.000302156,0,0,195.1760331,28.92396694,439.795237,81.30476307,288.1880969,126.7119031,137.3298943,108.3701057
6/12/22,0.000140245,0,0,105.8183312,15.68166882,244.5838796,45.21612039,100.647036,44.25296397,53.8252699,42.4747301
6/13/22,0.000197891,0,0,57.22028279,8.479717214,323.5799153,59.82008475,260.6820746,114.6179254,53.8252699,42.4747301
6/14/22,0.000635456,0,0,94.84457832,14.05542168,1026.188887,189.7111139,673.2724087,296.0275913,370.2373705,292.1626295
6/15/22,0.000280297,0,0,145.7941451,21.60585482,449.6697414,83.13025861,234.4263261,103.0736739,148.899812,117.500188
6/16/22,9.49E-05,0,0,108.6924093,16.10759069,133.0526178,24.59738227,60.01313949,26.38686051,40.57855239,32.02144762
6/17/22,9.49E-05,0,0,108.6924093,16.10759069,133.0526178,24.59738227,60.01313949,26.38686051,40.57855239,32.02144762
6/18/22,9.49E-05,0,0,108.6924093,16.10759069,133.0526178,24.59738227,60.01313949,26.38686051,40.57855239,32.02144762
6/19/22,9.49E-05,0,0,108.6924093,16.10759069,133.0526178,24.59738227,60.01313949,26.38686051,40.57855239,32.02144762
6/20/22,9.49E-05,0,0,108.6924093,16.10759069,133.0526178,24.59738227,60.01313949,26.38686051,40.57855239,32.02144762
6/21/22,9.49E-05,0,0,108.6924093,16.10759069,133.0526178,24.59738227,60.01313949,26.38686051,40.57855239,32.02144762
6/22/22,4.32E-05,0,0,27.88229044,4.131995276,62.82789098,11.61496616,41.16972813,18.10170044,19.61855632,15.48144368
6/23/22,4.32E-05,0,0,27.88229044,4.131995276,62.82789098,11.61496616,41.16972813,18.10170044,19.61855632,15.48144368
6/24/22,4.32E-05,0,0,27.88229044,4.131995276,62.82789098,11.61496616,41.16972813,18.10170044,19.61855632,15.48144368
6/25/22,4.32E-05,0,0,27.88229044,4.131995276,62.82789098,11.61496616,41.16972813,18.10170044,19.61855632,15.48144368
6/26/22,4.32E-05,0,0,27.88229044,4.131995276,62.82789098,11.61496616,41.16972813,18.10170044,19.61855632,15.48144368
6/27/22,4.32E-05,0,0,27.88229044,4.131995276,62.82789098,11.61496616,41.16972813,18.10170044,19.61855632,15.48144368
6/28/22,4.32E-05,0,0,27.88229044,4.131995276,62.82789098,11.61496616,41.16972813,18.10170044,19.61855632,15.48144368
6/29/22,0.000741047,0,0,2475.36511,366.8348899,250.0094315,46.21913992,102.8796677,45.23461802,90.11600595,71.11256547
6/30/22,0.000741047,0,0,2475.36511,366.8348899,250.0094315,46.21913992,102.8796677,45.23461802,90.11600595,71.11256547
7/1/22,0.000741047,0,0,2475.36511,366.8348899,250.0094315,46.21913992,102.8796677,45.23461802,90.11600595,71.11256547
7/2/22,0.000741047,0,0,2475.36511,366.8348899,250.0094315,46.21913992,102.8796677,45.23461802,90.11600595,71.11256547
7/3/22,0.000741047,0,0,2475.36511,366.8348899,250.0094315,46.21913992,102.8796677,45.23461802,90.11600595,71.11256547
7/4/22,0.000741047,0,0,2475.36511,366.8348899,250.0094315,46.21913992,102.8796677,45.23461802,90.11600595,71.11256547
7/5/22,0.000741047,0,0,2475.36511,366.8348899,250.0094315,46.21913992,102.8796677,45.23461802,90.11600595,71.11256547
7/6/22,0.000233374,0,0,354.1834724,52.48795605,301.4436635,55.72776507,135.3867849,59.5275008,71.00048951,56.02808188
7/7/22,0.000233374,0,0,354.1834724,52.48795605,301.4436635,55.72776507,135.3867849,59.5275008,71.00048951,56.02808188
7/8/22,0.000233374,0,0,354.1834724,52.48795605,301.4436635,55.72776507,135.3867849,59.5275008,71.00048951,56.02808188
7/9/22,0.000233374,0,0,354.1834724,52.48795605,301.4436635,55.72776507,135.3867849,59.5275008,71.00048951,56.02808188
7/10/22,0.000233374,0,0,354.1834724,52.48795605,301.4436635,55.72776507,135.3867849,59.5275008,71.00048951,56.02808188
7/11/22,0.000233374,0,0,354.1834724,52.48795605,301.4436635,55.72776507,135.3867849,59.5275008,71.00048951,56.02808188
7/12/22,0.000233374,0,0,354.1834724,52.48795605,301.4436635,55.72776507,135.3867849,59.5275008,71.00048951,56.02808188
7/13/22,0.000284691,0,0,401.6617502,59.52396407,351.5757631,64.99566553,171.6447234,75.46956235,111.6029962,88.06843238
7/14/22,0.000284691,0,0,401.6617502,59.52396407,351.5757631,64.99566553,171.6447234,75.46956235,111.6029962,88.06843238
7/15/22,0.000284691,0,0,401.6617502,59.52396407,351.5757631,64.99566553,171.6447234,75.46956235,111.6029962,88.06843238
7/16/22,0.000284691,0,0,401.6617502,59.52396407,351.5757631,64.99566553,171.6447234,75.46956235,111.6029962,88.06843238
7/17/22,0.000284691,0,0,401.6617502,59.52396407,351.5757631,64.99566553,171.6447234,75.46956235,111.6029962,88.06843238
7/18/22,0.000284691,0,0,401.6617502,59.52396407,351.5757631,64.99566553,171.6447234,75.46956235,111.6029962,88.06843238
7/19/22,0.000284691,0,0,401.6617502,59.52396407,351.5757631,64.99566553,171.6447234,75.46956235,111.6029962,88.06843238
7/20/22,0.000274549,0,0,444.9968764,65.94598085,215.6114325,39.85999611,177.4495658,78.02186286,142.7914704,112.6799582
7/21/22,0.00023423,0,0,357.6547617,53.00238118,301.4436635,55.72776507,135.3867849,59.5275008,71.00048951,56.02808188
7/22/22,0.00023423,0,0,357.6547617,53.00238118,301.4436635,55.72776507,135.3867849,59.5275008,71.00048951,56.02808188
7/23/22,0.00023423,0,0,357.6547617,53.00238118,301.4436635,55.72776507,135.3867849,59.5275008,71.00048951,56.02808188
7/24/22,0.00023423,0,0,357.6547617,53.00238118,301.4436635,55.72776507,135.3867849,59.5275008,71.00048951,56.02808188
7/25/22,0.00023423,0,0,357.6547617,53.00238118,301.4436635,55.72776507,135.3867849,59.5275008,71.00048951,56.02808188
7/26/22,0.00023423,0,0,357.6547617,53.00238118,301.4436635,55.72776507,135.3867849,59.5275008,71.00048951,56.02808188
7/27/22,0.000216268,0,0,372.547712,55.20943086,254.241362,47.00149515,80.82126673,35.53587614,89.90041741,70.94243972
7/28/22,0.000216268,0,0,372.547712,55.20943086,254.241362,47.00149515,80.82126673,35.53587614,89.90041741,70.94243972
7/29/22,0.000216268,0,0,372.547712,55.20943086,254.241362,47.00149515,80.82126673,35.53587614,89.90041741,70.94243972
7/30/22,0.000216268,0,0,372.547712,55.20943086,254.241362,47.00149515,80.82126673,35.53587614,89.90041741,70.94243972
7/31/22,0.000216268,0,0,372.547712,55.20943086,254.241362,47.00149515,80.82126673,35.53587614,89.90041741,70.94243972
8/1/22,0.000216268,0,0,372.547712,55.20943086,254.241362,47.00149515,80.82126673,35.53587614,89.90041741,70.94243972
8/2/22,0.000216268,0,0,372.547712,55.20943086,254.241362,47.00149515,80.82126673,35.53587614,89.90041741,70.94243972
8/3/22,0.000291047,0,0,449.0280509,66.54337774,358.1949364,66.21934935,170.0372286,74.76277144,94.64336505,74.68520631
8/4/22,0.000291047,0,0,449.0280509,66.54337774,358.1949364,66.21934935,170.0372286,74.76277144,94.64336505,74.68520631
8/5/22,0.000291047,0,0,449.0280509,66.54337774,358.1949364,66.21934935,170.0372286,74.76277144,94.64336505,74.68520631
8/6/22,0.000291047,0,0,449.0280509,66.54337774,358.1949364,66.21934935,170.0372286,74.76277144,94.64336505,74.68520631
8/7/22,0.000291047,0,0,449.0280509,66.54337774,358.1949364,66.21934935,170.0372286,74.76277144,94.64336505,74.68520631
8/8/22,0.000291047,0,0,449.0280509,66.54337774,358.1949364,66.21934935,170.0372286,74.76277144,94.64336505,74.68520631
8/9/22,0.000291047,0,0,449.0280509,66.54337774,358.1949364,66.21934935,170.0372286,74.76277144,94.64336505,74.68520631
8/10/22,0.000201898,0,0,481.0534928,71.28936428,213.1156787,39.39860713,56.35162354,24.77694789,29.82308012,23.53406274
8/11/22,0.000201898,0,0,481.0534928,71.28936428,213.1156787,39.39860713,56.35162354,24.77694789,29.82308012,23.53406274
8/12/22,0.000201898,0,0,481.0534928,71.28936428,213.1156787,39.39860713,56.35162354,24.77694789,29.82308012,23.53406274
8/13/22,0.000201898,0,0,481.0534928,71.28936428,213.1156787,39.39860713,56.35162354,24.77694789,29.82308012,23.53406274
8/14/22,0.000201898,0,0,481.0534928,71.28936428,213.1156787,39.39860713,56.35162354,24.77694789,29.82308012,23.53406274
8/15/22,0.000201898,0,0,481.0534928,71.28936428,213.1156787,39.39860713,56.35162354,24.77694789,29.82308012,23.53406274
8/16/22,0.000201898,0,0,481.0534928,71.28936428,213.1156787,39.39860713,56.35162354,24.77694789,29.82308012,23.53406274
8/17/22,0.000172605,0,0,422.8254165,62.66029785,174.0517049,32.1768665,37.50821218,16.49178782,32.05082827,25.29202887
8/18/22,0.000172605,0,0,422.8254165,62.66029785,174.0517049,32.1768665,37.50821218,16.49178782,32.05082827,25.29202887
8/19/22,0.000172605,0,0,422.8254165,62.66029785,174.0517049,32.1768665,37.50821218,16.49178782,32.05082827,25.29202887
8/20/22,0.000172605,0,0,422.8254165,62.66029785,174.0517049,32.1768665,37.50821218,16.49178782,32.05082827,25.29202887
8/21/22,0.000172605,0,0,422.8254165,62.66029785,174.0517049,32.1768665,37.50821218,16.49178782,32.05082827,25.29202887
8/22/22,0.000172605,0,0,422.8254165,62.66029785,174.0517049,32.1768665,37.50821218,16.49178782,32.05082827,25.29202887
8/23/22,0.000172605,0,0,422.8254165,62.66029785,174.0517049,32.1768665,37.50821218,16.49178782,32.05082827,25.29202887
8/24/22,0.000140743,0,0,238.9590674,35.41236112,179.4772569,33.17988605,63.40673963,27.87897463,42.75839198,33.74160802
8/25/22,0.000140743,0,0,238.9590674,35.41236112,179.4772569,33.17988605,63.40673963,27.87897463,42.75839198,33.74160802
8/26/22,0.000140743,0,0,238.9590674,35.41236112,179.4772569,33.17988605,63.40673963,27.87897463,42.75839198,33.74160802
8/27/22,0.000140743,0,0,238.9590674,35.41236112,179.4772569,33.17988605,63.40673963,27.87897463,42.75839198,33.74160802
8/28/22,0.000140743,0,0,238.9590674,35.41236112,179.4772569,33.17988605,63.40673963,27.87897463,42.75839198,33.74160802
8/29/22,0.000140743,0,0,238.9590674,35.41236112,179.4772569,33.17988605,63.40673963,27.87897463,42.75839198,33.74160802
8/30/22,0.000140743,0,0,238.9590674,35.41236112,179.4772569,33.17988605,63.40673963,27.87897463,42.75839198,33.74160802
8/31/22,7.25E-05,0,0,124.5185019,18.4529267,91.47480498,16.91090926,31.07823295,13.66462419,23.13983566,18.26016434
9/1/22,7.25E-05,0,0,124.5185019,18.4529267,91.47480498,16.91090926,31.07823295,13.66462419,23.13983566,18.26016434
9/2/22,7.25E-05,0,0,124.5185019,18.4529267,91.47480498,16.91090926,31.07823295,13.66462419,23.13983566,18.26016434
9/3/22,7.25E-05,0,0,124.5185019,18.4529267,91.47480498,16.91090926,31.07823295,13.66462419,23.13983566,18.26016434
9/4/22,7.25E-05,0,0,124.5185019,18.4529267,91.47480498,16.91090926,31.07823295,13.66462419,23.13983566,18.26016434
9/5/22,7.25E-05,0,0,124.5185019,18.4529267,91.47480498,16.91090926,31.07823295,13.66462419,23.13983566,18.26016434
9/6/22,7.25E-05,0,0,124.5185019,18.4529267,91.47480498,16.91090926,31.07823295,13.66462419,23.13983566,18.26016434
9/7/22,0.000137979,0,0,151.1690445,22.40238402,190.0028274,35.12574392,62.69229752,27.56484536,85.51678396,67.48321604
9/8/22,0.000137979,0,0,151.1690445,22.40238402,190.0028274,35.12574392,62.69229752,27.56484536,85.51678396,67.48321604
9/9/22,0.000137979,0,0,151.1690445,22.40238402,190.0028274,35.12574392,62.69229752,27.56484536,85.51678396,67.48321604
9/10/22,0.000137979,0,0,151.1690445,22.40238402,190.0028274,35.12574392,62.69229752,27.56484536,85.51678396,67.48321604
9/11/22,0.000137979,0,0,151.1690445,22.40238402,190.0028274,35.12574392,62.69229752,27.56484536,85.51678396,67.48321604
9/12/22,0.000137979,0,0,151.1690445,22.40238402,190.0028274,35.12574392,62.69229752,27.56484536,85.51678396,67.48321604
9/13/22,0.000137979,0,0,151.1690445,22.40238402,190.0028274,35.12574392,62.69229752,27.56484536,85.51678396,67.48321604
9/14/22,0.000142041,0,0,230.224856,34.11800116,111.5493471,20.62208154,91.80581463,40.36561401,73.8750033,58.29642531
9/15/22,0.000142041,0,0,230.224856,34.11800116,111.5493471,20.62208154,91.80581463,40.36561401,73.8750033,58.29642531
9/16/22,0.000142041,0,0,230.224856,34.11800116,111.5493471,20.62208154,91.80581463,40.36561401,73.8750033,58.29642531
9/17/22,0.000142041,0,0,230.224856,34.11800116,111.5493471,20.62208154,91.80581463,40.36561401,73.8750033,58.29642531
9/18/22,0.000142041,0,0,230.224856,34.11800116,111.5493471,20.62208154,91.80581463,40.36561401,73.8750033,58.29642531
9/19/22,0.000142041,0,0,230.224856,34.11800116,111.5493471,20.62208154,91.80581463,40.36561401,73.8750033,58.29642531
9/20/22,0.000142041,0,0,230.224856,34.11800116,111.5493471,20.62208154,91.80581463,40.36561401,73.8750033,58.29642531
9/21/22,0.000365715,0,0,203.126405,30.1021664,591.493668,109.3491891,252.8232112,111.1625031,225.5056034,177.9515394
9/22/22,0.000365715,0,0,203.126405,30.1021664,591.493668,109.3491891,252.8232112,111.1625031,225.5056034,177.9515394
9/23/22,0.000365715,0,0,203.126405,30.1021664,591.493668,109.3491891,252.8232112,111.1625031,225.5056034,177.9515394
9/24/22,0.000365715,0,0,203.126405,30.1021664,591.493668,109.3491891,252.8232112,111.1625031,225.5056034,177.9515394
9/25/22,0.000365715,0,0,203.126405,30.1021664,591.493668,109.3491891,252.8232112,111.1625031,225.5056034,177.9515394
9/26/22,0.000365715,0,0,203.126405,30.1021664,591.493668,109.3491891,252.8232112,111.1625031,225.5056034,177.9515394
9/27/22,0.000365715,0,0,203.126405,30.1021664,591.493668,109.3491891,252.8232112,111.1625031,225.5056034,177.9515394
9/28/22,0.000269823,0,0,168.3015362,24.94132088,473.8677029,87.60372572,184.5046818,81.12388958,131.3652782,103.6632932
9/29/22,0.000269823,0,0,168.3015362,24.94132088,473.8677029,87.60372572,184.5046818,81.12388958,131.3652782,103.6632932
9/30/22,0.000269823,0,0,168.3015362,24.94132088,473.8677029,87.60372572,184.5046818,81.12388958,131.3652782,103.6632932
10/1/22,0.000269823,0,0,168.3015362,24.94132088,473.8677029,87.60372572,184.5046818,81.12388958,131.3652782,103.6632932
10/2/22,0.000269823,0,0,168.3015362,24.94132088,473.8677029,87.60372572,184.5046818,81.12388958,131.3652782,103.6632932
10/3/22,0.000269823,0,0,168.3015362,24.94132088,473.8677029,87.60372572,184.5046818,81.12388958,131.3652782,103.6632932
10/4/22,0.000269823,0,0,168.3015362,24.94132088,473.8677029,87.60372572,184.5046818,81.12388958,131.3652782,103.6632932
10/5/22,0.000171887,0,0,163.038614,24.16138603,215.1773883,39.77975454,116.364763,51.16380838,106.2132829,83.81528849
10/6/22,0.000171887,0,0,163.038614,24.16138603,215.1773883,39.77975454,116.364763,51.16380838,106.2132829,83.81528849
10/7/22,0.000171887,0,0,163.038614,24.16138603,215.1773883,39.77975454,116.364763,51.16380838,106.2132829,83.81528849
10/8/22,0.000171887,0,0,163.038614,24.16138603,215.1773883,39.77975454,116.364763,51.16380838,106.2132829,83.81528849
10/9/22,0.000171887,0,0,163.038614,24.16138603,215.1773883,39.77975454,116.364763,51.16380838,106.2132829,83.81528849
10/10/22,0.000171887,0,0,163.038614,24.16138603,215.1773883,39.77975454,116.364763,51.16380838,106.2132829,83.81528849
10/11/22,0.000171887,0,0,163.038614,24.16138603,215.1773883,39.77975454,116.364763,51.16380838,106.2132829,83.81528849
10/12/22,0.000118193,0,0,124.5185019,18.45292669,137.7005072,25.45663567,47.42109683,20.85033174,98.09278155,77.40721841
10/13/22,0.000118193,0,0,124.5185019,18.45292669,137.7005072,25.45663567,47.42109683,20.85033174,98.09278155,77.40721841
10/14/22,0.000118193,0,0,124.5185019,18.45292669,137.7005072,25.45663567,47.42109683,20.85033174,98.09278155,77.40721841
10/15/22,0.000118193,0,0,124.5185019,18.45292669,137.7005072,25.45663567,47.42109683,20.85033174,98.09278155,77.40721841
10/16/22,0.000118193,0,0,124.5185019,18.45292669,137.7005072,25.45663567,47.42109683,20.85033174,98.09278155,77.40721841
10/17/22,0.000118193,0,0,124.5185019,18.45292669,137.7005072,25.45663567,47.42109683,20.85033174,98.09278155,77.40721841
10/18/22,0.000269658,0,0,275.1276611,40.77233893,252.6136964,46.7005893,218.6192939,96.12356328,181.4536803,143.1891769
10/19/22,0.000269658,0,0,275.1276611,40.77233893,252.6136964,46.7005893,218.6192939,96.12356328,181.4536803,143.1891769
10/20/22,0.000269658,0,0,275.1276611,40.77233893,252.6136964,46.7005893,218.6192939,96.12356328,181.4536803,143.1891769
10/21/22,0.000269658,0,0,275.1276611,40.77233893,252.6136964,46.7005893,218.6192939,96.12356328,181.4536803,143.1891769
10/22/22,0.000269658,0,0,275.1276611,40.77233893,252.6136964,46.7005893,218.6192939,96.12356328,181.4536803,143.1891769
10/23/22,0.000269658,0,0,275.1276611,40.77233893,252.6136964,46.7005893,218.6192939,96.12356328,181.4536803,143.1891769
10/24/22,0.000269658,0,0,275.1276611,40.77233893,252.6136964,46.7005893,218.6192939,96.12356328,181.4536803,143.1891769
10/25/22,0.000269658,0,0,275.1276611,40.77233893,252.6136964,46.7005893,218.6192939,96.12356328,181.4536803,143.1891769
10/26/22,0.000323103,0,0,328.4287464,48.67125359,464.4272426,85.85847173,248.090032,109.0813966,122.2386971,96.46130295
10/27/22,0.000323103,0,0,328.4287464,48.67125359,464.4272426,85.85847173,248.090032,109.0813966,122.2386971,96.46130295
10/28/22,0.000323103,0,0,328.4287464,48.67125359,464.4272426,85.85847173,248.090032,109.0813966,122.2386971,96.46130295
10/29/22,0.000323103,0,0,328.4287464,48.67125359,464.4272426,85.85847173,248.090032,109.0813966,122.2386971,96.46130295
10/30/22,0.000323103,0,0,328.4287464,48.67125359,464.4272426,85.85847173,248.090032,109.0813966,122.2386971,96.46130295
10/31/22,0.000323103,0,0,328.4287464,48.67125359,464.4272426,85.85847173,248.090032,109.0813966,122.2386971,96.46130295
11/1/22,0.000323103,0,0,328.4287464,48.67125359,464.4272426,85.85847173,248.090032,109.0813966,122.2386971,96.46130295
11/2/22,0.000209995,0,0,282.966056,41.93394403,271.7116391,50.23121804,103.7727203,45.62727962,101.0391582,79.7322704
11/3/22,0.000209995,0,0,282.966056,41.93394403,271.7116391,50.23121804,103.7727203,45.62727962,101.0391582,79.7322704
11/4/22,0.000209995,0,0,282.966056,41.93394403,271.7116391,50.23121804,103.7727203,45.62727962,101.0391582,79.7322704
11/5/22,0.000209995,0,0,282.966056,41.93394403,271.7116391,50.23121804,103.7727203,45.62727962,101.0391582,79.7322704
11/6/22,0.000209995,0,0,282.966056,41.93394403,271.7116391,50.23121804,103.7727203,45.62727962,101.0391582,79.7322704
11/7/22,0.000209995,0,0,282.966056,41.93394403,271.7116391,50.23121804,103.7727203,45.62727962,101.0391582,79.7322704
11/8/22,0.000209995,0,0,282.966056,41.93394403,271.7116391,50.23121804,103.7727203,45.62727962,101.0391582,79.7322704
11/9/22,0.000345072,0,0,431.2236967,63.90487474,575.6510565,106.4203721,175.8420709,77.31507194,97.87719312,77.23709267
11/10/22,0.000345072,0,0,431.2236967,63.90487474,575.6510565,106.4203721,175.8420709,77.31507194,97.87719312,77.23709267
11/11/22,0.000345072,0,0,431.2236967,63.90487474,575.6510565,106.4203721,175.8420709,77.31507194,97.87719312,77.23709267
11/12/22,0.000345072,0,0,431.2236967,63.90487474,575.6510565,106.4203721,175.8420709,77.31507194,97.87719312,77.23709267
11/13/22,0.000345072,0,0,431.2236967,63.90487474,575.6510565,106.4203721,175.8420709,77.31507194,97.87719312,77.23709267
11/14/22,0.000345072,0,0,431.2236967,63.90487474,575.6510565,106.4203721,175.8420709,77.31507194,97.87719312,77.23709267
11/15/22,0.000345072,0,0,431.2236967,63.90487474,575.6510565,106.4203721,175.8420709,77.31507194,97.87719312,77.23709267
11/16/22,0.00012991,0,0,289.7966572,42.9461999,169.7112634,31.37445088,15.27120068,6.714513612,27.16415491,21.43584509
11/17/22,0.00012991,0,0,289.7966572,42.9461999,169.7112634,31.37445088,15.27120068,6.714513612,27.16415491,21.43584509
11/18/22,0.00012991,0,0,289.7966572,42.9461999,169.7112634,31.37445088,15.27120068,6.714513612,27.16415491,21.43584509
11/19/22,0.00012991,0,0,289.7966572,42.9461999,169.7112634,31.37445088,15.27120068,6.714513612,27.16415491,21.43584509
11/20/22,0.00012991,0,0,289.7966572,42.9461999,169.7112634,31.37445088,15.27120068,6.714513612,27.16415491,21.43584509
11/21/22,0.00012991,0,0,289.7966572,42.9461999,169.7112634,31.37445088,15.27120068,6.714513612,27.16415491,21.43584509
11/22/22,0.00012991,0,0,289.7966572,42.9461999,169.7112634,31.37445088,15.27120068,6.714513612,27.16415491,21.43584509
11/23/22,0.000201732,0,0,244.6698981,36.25867341,325.9671581,60.26141333,109.309647,48.06178165,63.74234232,50.30051481
11/24/22,0.000201732,0,0,244.6698981,36.25867341,325.9671581,60.26141333,109.309647,48.06178165,63.74234232,50.30051481
11/25/22,0.000201732,0,0,244.6698981,36.25867341,325.9671581,60.26141333,109.309647,48.06178165,63.74234232,50.30051481
11/26/22,0.000201732,0,0,244.6698981,36.25867341,325.9671581,60.26141333,109.309647,48.06178165,63.74234232,50.30051481
11/27/22,0.000201732,0,0,244.6698981,36.25867341,325.9671581,60.26141333,109.309647,48.06178165,63.74234232,50.30051481
11/28/22,0.000201732,0,0,244.6698981,36.25867341,325.9671581,60.26141333,109.309647,48.06178165,63.74234232,50.30051481
11/29/22,0.000201732,0,0,244.6698981,36.25867341,325.9671581,60.26141333,109.309647,48.06178165,63.74234232,50.30051481
11/30/22,4.16E-05,0,0,132.2449197,19.59793744,35.37459838,6.539687333,0,0,0,0
12/1/22,4.16E-05,0,0,132.2449197,19.59793744,35.37459838,6.539687333,0,0,0,0
12/2/22,4.16E-05,0,0,132.2449197,19.59793744,35.37459838,6.539687333,0,0,0,0
12/3/22,4.16E-05,0,0,132.2449197,19.59793744,35.37459838,6.539687333,0,0,0,0
12/4/22,4.16E-05,0,0,132.2449197,19.59793744,35.37459838,6.539687333,0,0,0,0
12/5/22,4.16E-05,0,0,132.2449197,19.59793744,35.37459838,6.539687333,0,0,0,0
12/6/22,4.16E-05,0,0,132.2449197,19.59793744,35.37459838,6.539687333,0,0,0,0
12/7/22,0.000179237,0,0,226.977521,33.63676476,269.2158852,49.76982905,84.66139319,37.22432107,74.01872894,58.40984245
12/8/22,0.000179237,0,0,226.977521,33.63676476,269.2158852,49.76982905,84.66139319,37.22432107,74.01872894,58.40984245
12/9/22,0.000179237,0,0,226.977521,33.63676476,269.2158852,49.76982905,84.66139319,37.22432107,74.01872894,58.40984245
12/10/22,0.000179237,0,0,226.977521,33.63676476,269.2158852,49.76982905,84.66139319,37.22432107,74.01872894,58.40984245
12/11/22,0.000179237,0,0,226.977521,33.63676476,269.2158852,49.76982905,84.66139319,37.22432107,74.01872894,58.40984245
12/12/22,0.000179237,0,0,226.977521,33.63676476,269.2158852,49.76982905,84.66139319,37.22432107,74.01872894,58.40984245
12/13/22,0.000179237,0,0,226.977521,33.63676476,269.2158852,49.76982905,84.66139319,37.22432107,74.01872894,58.40984245
12/14/22,9.35E-05,0,0,195.2880102,28.9405613,50.13209955,9.267900453,53.67246553,23.59896305,41.53672364,32.77756208
12/15/22,9.35E-05,0,0,195.2880102,28.9405613,50.13209955,9.267900453,53.67246553,23.59896305,41.53672364,32.77756208
12/16/22,9.35E-05,0,0,195.2880102,28.9405613,50.13209955,9.267900453,53.67246553,23.59896305,41.53672364,32.77756208
12/17/22,9.35E-05,0,0,195.2880102,28.9405613,50.13209955,9.267900453,53.67246553,23.59896305,41.53672364,32.77756208
12/18/22,9.35E-05,0,0,195.2880102,28.9405613,50.13209955,9.267900453,53.67246553,23.59896305,41.53672364,32.77756208
12/19/22,9.35E-05,0,0,195.2880102,28.9405613,50.13209955,9.267900453,53.67246553,23.59896305,41.53672364,32.77756208
12/20/22,9.35E-05,0,0,195.2880102,28.9405613,50.13209955,9.267900453,53.67246553,23.59896305,41.53672364,32.77756208
12/21/22,6.60E-05,0,0,74.12882036,10.98546535,67.16833251,12.41738177,60.2810553,26.50465899,30.97288562,24.4414001
12/22/22,6.60E-05,0,0,74.12882036,10.98546535,67.16833251,12.41738177,60.2810553,26.50465899,30.97288562,24.4414001
12/23/22,6.60E-05,0,0,74.12882036,10.98546535,67.16833251,12.41738177,60.2810553,26.50465899,30.97288562,24.4414001
12/24/22,6.60E-05,0,0,74.12882036,10.98546535,67.16833251,12.41738177,60.2810553,26.50465899,30.97288562,24.4414001
12/25/22,6.60E-05,0,0,74.12882036,10.98546535,67.16833251,12.41738177,60.2810553,26.50465899,30.97288562,24.4414001
12/26/22,6.60E-05,0,0,74.12882036,10.98546535,67.16833251,12.41738177,60.2810553,26.50465899,30.97288562,24.4414001
12/27/22,6.60E-05,0,0,74.12882036,10.98546535,67.16833251,12.41738177,60.2810553,26.50465899,30.97288562,24.4414001
12/28/22,3.78E-05,0,0,95.96434905,14.22136526,33.52991073,6.198660692,14.82467433,6.518182803,2.587062371,2.041509057
12/29/22,3.78E-05,0,0,95.96434905,14.22136526,33.52991073,6.198660692,14.82467433,6.518182803,2.587062371,2.041509057
12/30/22,3.78E-05,0,0,95.96434905,14.22136526,33.52991073,6.198660692,14.82467433,6.518182803,2.587062371,2.041509057
12/31/22,3.78E-05,0,0,95.96434905,14.22136526,33.52991073,6.198660692,14.82467433,6.518182803,2.587062371,2.041509057
1/1/23,3.78E-05,0,0,95.96434905,14.22136526,33.52991073,6.198660692,14.82467433,6.518182803,2.587062371,2.041509057
1/2/23,3.78E-05,0,0,95.96434905,14.22136526,33.52991073,6.198660692,14.82467433,6.518182803,2.587062371,2.041509057
1/3/23,3.78E-05,0,0,95.96434905,14.22136526,33.52991073,6.198660692,14.82467433,6.518182803,2.587062371,2.041509057
1/4/23,0.000182968,0,0,189.1292713,28.02787158,337.3608171,62.36775435,102.0759203,44.88122256,48.86673368,38.56183774
1/5/23,0.000182968,0,0,189.1292713,28.02787158,337.3608171,62.36775435,102.0759203,44.88122256,48.86673368,38.56183774
1/6/23,0.000182968,0,0,189.1292713,28.02787158,337.3608171,62.36775435,102.0759203,44.88122256,48.86673368,38.56183774
1/7/23,0.000182968,0,0,189.1292713,28.02787158,337.3608171,62.36775435,102.0759203,44.88122256,48.86673368,38.56183774
1/8/23,0.000182968,0,0,189.1292713,28.02787158,337.3608171,62.36775435,102.0759203,44.88122256,48.86673368,38.56183774
1/9/23,0.000182968,0,0,189.1292713,28.02787158,337.3608171,62.36775435,102.0759203,44.88122256,48.86673368,38.56183774
1/10/23,0.000182968,0,0,189.1292713,28.02787158,337.3608171,62.36775435,102.0759203,44.88122256,48.86673368,38.56183774
1/11/23,4.55E-05,0,0,76.92824711,11.40032432,104.1705964,19.25797496,0,0,0,0
1/12/23,4.55E-05,0,0,76.92824711,11.40032432,104.1705964,19.25797496,0,0,0,0
1/13/23,4.55E-05,0,0,76.92824711,11.40032432,104.1705964,19.25797496,0,0,0,0
1/14/23,4.55E-05,0,0,76.92824711,11.40032432,104.1705964,19.25797496,0,0,0,0
1/15/23,4.55E-05,0,0,76.92824711,11.40032432,104.1705964,19.25797496,0,0,0,0
1/16/23,4.55E-05,0,0,76.92824711,11.40032432,104.1705964,19.25797496,0,0,0,0
1/17/23,4.55E-05,0,0,76.92824711,11.40032432,104.1705964,19.25797496,0,0,0,0
1/18/23,2.93E-05,0,0,81.0713987,12.01431558,9.874504458,1.825495544,21.61187464,9.502411077,0.215588531,0.170125755
1/19/23,2.93E-05,0,0,81.0713987,12.01431558,9.874504458,1.825495544,21.61187464,9.502411077,0.215588531,0.170125755
1/20/23,2.93E-05,0,0,81.0713987,12.01431558,9.874504458,1.825495544,21.61187464,9.502411077,0.215588531,0.170125755
1/21/23,2.93E-05,0,0,81.0713987,12.01431558,9.874504458,1.825495544,21.61187464,9.502411077,0.215588531,0.170125755
1/22/23,2.93E-05,0,0,81.0713987,12.01431558,9.874504458,1.825495544,21.61187464,9.502411077,0.215588531,0.170125755
1/23/23,2.93E-05,0,0,81.0713987,12.01431558,9.874504458,1.825495544,21.61187464,9.502411077,0.215588531,0.170125755
1/24/23,2.93E-05,0,0,81.0713987,12.01431558,9.874504458,1.825495544,21.61187464,9.502411077,0.215588531,0.170125755
1/25/23,0.000115015,0,0,85.43850443,12.66149557,214.2007889,39.59921102,76.89183497,33.80816503,40.53064382,31.98364189
1/26/23,0.000115015,0,0,85.43850443,12.66149557,214.2007889,39.59921102,76.89183497,33.80816503,40.53064382,31.98364189
1/27/23,0.000115015,0,0,85.43850443,12.66149557,214.2007889,39.59921102,76.89183497,33.80816503,40.53064382,31.98364189
1/28/23,0.000115015,0,0,85.43850443,12.66149557,214.2007889,39.59921102,76.89183497,33.80816503,40.53064382,31.98364189
1/29/23,0.000115015,0,0,85.43850443,12.66149557,214.2007889,39.59921102,76.89183497,33.80816503,40.53064382,31.98364189
1/30/23,0.000115015,0,0,85.43850443,12.66149557,214.2007889,39.59921102,76.89183497,33.80816503,40.53064382,31.98364189
1/31/23,0.000115015,0,0,85.43850443,12.66149557,214.2007889,39.59921102,76.89183497,33.80816503,40.53064382,31.98364189
2/1/23,0.000115319,0,0,86.67025221,12.84403351,214.2007889,39.59921102,76.89183497,33.80816503,40.53064382,31.98364189
2/2/23,0.000115319,0,0,86.67025221,12.84403351,214.2007889,39.59921102,76.89183497,33.80816503,40.53064382,31.98364189
2/3/23,0.000115319,0,0,86.67025221,12.84403351,214.2007889,39.59921102,76.89183497,33.80816503,40.53064382,31.98364189
2/4/23,0.000115319,0,0,86.67025221,12.84403351,214.2007889,39.59921102,76.89183497,33.80816503,40.53064382,31.98364189
2/5/23,0.000115319,0,0,86.67025221,12.84403351,214.2007889,39.59921102,76.89183497,33.80816503,40.53064382,31.98364189
2/6/23,0.000115319,0,0,86.67025221,12.84403351,214.2007889,39.59921102,76.89183497,33.80816503,40.53064382,31.98364189
2/7/23,0.000115319,0,0,86.67025221,12.84403351,214.2007889,39.59921102,76.89183497,33.80816503,40.53064382,31.98364189
2/8/23,0.000104016,0,0,55.20469553,8.18101876,284.0818974,52.51810257,40.54459127,17.82683731,14.30070589,11.2850084
2/9/23,0.000104016,0,0,55.20469553,8.18101876,284.0818974,52.51810257,40.54459127,17.82683731,14.30070589,11.2850084
2/10/23,0.000104016,0,0,55.20469553,8.18101876,284.0818974,52.51810257,40.54459127,17.82683731,14.30070589,11.2850084
2/11/23,0.000104016,0,0,55.20469553,8.18101876,284.0818974,52.51810257,40.54459127,17.82683731,14.30070589,11.2850084
2/12/23,0.000104016,0,0,55.20469553,8.18101876,284.0818974,52.51810257,40.54459127,17.82683731,14.30070589,11.2850084
2/13/23,0.000104016,0,0,55.20469553,8.18101876,284.0818974,52.51810257,40.54459127,17.82683731,14.30070589,11.2850084
2/14/23,0.000104016,0,0,55.20469553,8.18101876,284.0818974,52.51810257,40.54459127,17.82683731,14.30070589,11.2850084
2/15/23,6.69E-05,0,0,61.36343438,9.093708477,142.909037,26.41953441,39.56223333,17.39490953,8.120501332,6.408070094
2/16/23,6.69E-05,0,0,61.36343438,9.093708477,142.909037,26.41953441,39.56223333,17.39490953,8.120501332,6.408070094
2/17/23,6.69E-05,0,0,61.36343438,9.093708477,142.909037,26.41953441,39.56223333,17.39490953,8.120501332,6.408070094
2/18/23,6.69E-05,0,0,61.36343438,9.093708477,142.909037,26.41953441,39.56223333,17.39490953,8.120501332,6.408070094
2/19/23,6.69E-05,0,0,61.36343438,9.093708477,142.909037,26.41953441,39.56223333,17.39490953,8.120501332,6.408070094
2/20/23,6.69E-05,0,0,61.36343438,9.093708477,142.909037,26.41953441,39.56223333,17.39490953,8.120501332,6.408070094
2/21/23,6.69E-05,0,0,61.36343438,9.093708477,142.909037,26.41953441,39.56223333,17.39490953,8.120501332,6.408070094
2/22/23,4.04E-05,0,0,53.07713119,7.865725947,74.65559414,13.80154873,15.27120068,6.714513612,9.342169677,7.372116038
2/23/23,4.04E-05,0,0,53.07713119,7.865725947,74.65559414,13.80154873,15.27120068,6.714513612,9.342169677,7.372116038
2/24/23,4.04E-05,0,0,53.07713119,7.865725947,74.65559414,13.80154873,15.27120068,6.714513612,9.342169677,7.372116038
2/25/23,4.04E-05,0,0,53.07713119,7.865725947,74.65559414,13.80154873,15.27120068,6.714513612,9.342169677,7.372116038
2/26/23,4.04E-05,0,0,53.07713119,7.865725947,74.65559414,13.80154873,15.27120068,6.714513612,9.342169677,7.372116038
2/27/23,4.04E-05,0,0,53.07713119,7.865725947,74.65559414,13.80154873,15.27120068,6.714513612,9.342169677,7.372116038
2/28/23,4.04E-05,0,0,53.07713119,7.865725947,74.65559414,13.80154873,15.27120068,6.714513612,9.342169677,7.372116038
3/1/23,9.29E-06,0,0,37.62429553,5.575704469,0,0,0,0,0,0
3/2/23,9.29E-06,0,0,37.62429553,5.575704469,0,0,0,0,0,0
3/3/23,9.29E-06,0,0,37.62429553,5.575704469,0,0,0,0,0,0
3/4/23,9.29E-06,0,0,37.62429553,5.575704469,0,0,0,0,0,0
3/5/23,9.29E-06,0,0,37.62429553,5.575704469,0,0,0,0,0,0
3/6/23,9.29E-06,0,0,37.62429553,5.575704469,0,0,0,0,0,0
3/7/23,9.29E-06,0,0,37.62429553,5.575704469,0,0,0,0,0,0
3/8/23,8.90E-06,0,0,36.05661655,5.34338345,0,0,0,0,0,0
3/9/23,8.90E-06,0,0,36.05661655,5.34338345,0,0,0,0,0,0
3/10/23,8.90E-06,0,0,36.05661655,5.34338345,0,0,0,0,0,0
3/11/23,8.90E-06,0,0,36.05661655,5.34338345,0,0,0,0,0,0
3/12/23,8.90E-06,0,0,36.05661655,5.34338345,0,0,0,0,0,0
3/13/23,8.90E-06,0,0,36.05661655,5.34338345,0,0,0,0,0,0
3/14/23,8.90E-06,0,0,36.05661655,5.34338345,0,0,0,0,0,0
3/15/23,2.53E-05,0,0,44.00698853,6.521582906,45.46612491,8.405303658,5.53692656,2.434502012,2.94637659,2.325051981
3/16/23,2.53E-05,0,0,44.00698853,6.521582906,45.46612491,8.405303658,5.53692656,2.434502012,2.94637659,2.325051981
3/17/23,2.53E-05,0,0,44.00698853,6.521582906,45.46612491,8.405303658,5.53692656,2.434502012,2.94637659,2.325051981
3/18/23,2.53E-05,0,0,44.00698853,6.521582906,45.46612491,8.405303658,5.53692656,2.434502012,2.94637659,2.325051981
3/19/23,2.53E-05,0,0,44.00698853,6.521582906,45.46612491,8.405303658,5.53692656,2.434502012,2.94637659,2.325051981
3/20/23,2.53E-05,0,0,44.00698853,6.521582906,45.46612491,8.405303658,5.53692656,2.434502012,2.94637659,2.325051981
3/21/23,2.53E-05,0,0,44.00698853,6.521582906,45.46612491,8.405303658,5.53692656,2.434502012,2.94637659,2.325051981
3/22/23,3.69E-05,0,0,42.66326368,6.322450603,51.54274304,9.528685533,22.77284311,10.01287118,16.16913982,12.75943161
3/23/23,3.69E-05,0,0,42.66326368,6.322450603,51.54274304,9.528685533,22.77284311,10.01287118,16.16913982,12.75943161
3/24/23,3.69E-05,0,0,42.66326368,6.322450603,51.54274304,9.528685533,22.77284311,10.01287118,16.16913982,12.75943161
3/25/23,3.69E-05,0,0,42.66326368,6.322450603,51.54274304,9.528685533,22.77284311,10.01287118,16.16913982,12.75943161
3/26/23,3.69E-05,0,0,42.66326368,6.322450603,51.54274304,9.528685533,22.77284311,10.01287118,16.16913982,12.75943161
3/27/23,3.69E-05,0,0,42.66326368,6.322450603,51.54274304,9.528685533,22.77284311,10.01287118,16.16913982,12.75943161
3/28/23,3.69E-05,0,0,42.66326368,6.322450603,51.54274304,9.528685533,22.77284311,10.01287118,16.16913982,12.75943161
3/29/23,1.34E-05,0,0,43.22314903,6.405422396,10.63408172,1.965918278,0,0,0,0
3/30/23,1.34E-05,0,0,43.22314903,6.405422396,10.63408172,1.965918278,0,0,0,0
3/31/23,1.34E-05,0,0,43.22314903,6.405422396,10.63408172,1.965918278,0,0,0,0
4/1/23,1.34E-05,0,0,43.22314903,6.405422396,10.63408172,1.965918278,0,0,0,0
4/2/23,1.34E-05,0,0,43.22314903,6.405422396,10.63408172,1.965918278,0,0,0,0
4/3/23,1.34E-05,0,0,43.22314903,6.405422396,10.63408172,1.965918278,0,0,0,0
4/4/23,1.34E-05,0,0,43.22314903,6.405422396,10.63408172,1.965918278,0,0,0,0
4/5/23,8.43E-06,0,0,34.15300636,5.061279354,0,0,0,0,0,0
4/6/23,8.43E-06,0,0,34.15300636,5.061279354,0,0,0,0,0,0
4/7/23,8.43E-06,0,0,34.15300636,5.061279354,0,0,0,0,0,0
4/8/23,8.43E-06,0,0,34.15300636,5.061279354,0,0,0,0,0,0
4/9/23,8.43E-06,0,0,34.15300636,5.061279354,0,0,0,0,0,0
4/10/23,8.43E-06,0,0,34.15300636,5.061279354,0,0,0,0,0,0
4/11/23,8.43E-06,0,0,34.15300636,5.061279354,0,0,0,0,0,0
4/12/23,1.77E-05,0,0,30.12183184,4.463882447,31.79373413,5.877694444,3.661515951,1.60991262,2.658925216,2.098217642
4/13/23,1.77E-05,0,0,30.12183184,4.463882447,31.79373413,5.877694444,3.661515951,1.60991262,2.658925216,2.098217642
4/14/23,1.77E-05,0,0,30.12183184,4.463882447,31.79373413,5.877694444,3.661515951,1.60991262,2.658925216,2.098217642
4/15/23,1.77E-05,0,0,30.12183184,4.463882447,31.79373413,5.877694444,3.661515951,1.60991262,2.658925216,2.098217642
4/16/23,1.77E-05,0,0,30.12183184,4.463882447,31.79373413,5.877694444,3.661515951,1.60991262,2.658925216,2.098217642
4/17/23,1.77E-05,0,0,30.12183184,4.463882447,31.79373413,5.877694444,3.661515951,1.60991262,2.658925216,2.098217642
4/18/23,1.77E-05,0,0,30.12183184,4.463882447,31.79373413,5.877694444,3.661515951,1.60991262,2.658925216,2.098217642
4/19/23,3.30E-05,0,0,27.65833629,4.098806558,50.78316578,9.388262799,17.77174816,7.813966133,20.04973339,15.82169519
4/20/23,3.30E-05,0,0,27.65833629,4.098806558,50.78316578,9.388262799,17.77174816,7.813966133,20.04973339,15.82169519
4/21/23,3.30E-05,0,0,27.65833629,4.098806558,50.78316578,9.388262799,17.77174816,7.813966133,20.04973339,15.82169519
4/22/23,3.30E-05,0,0,27.65833629,4.098806558,50.78316578,9.388262799,17.77174816,7.813966133,20.04973339,15.82169519
4/23/23,3.30E-05,0,0,27.65833629,4.098806558,50.78316578,9.388262799,17.77174816,7.813966133,20.04973339,15.82169519
4/24/23,3.30E-05,0,0,27.65833629,4.098806558,50.78316578,9.388262799,17.77174816,7.813966133,20.04973339,15.82169519
4/25/23,3.30E-05,0,0,27.65833629,4.098806558,50.78316578,9.388262799,17.77174816,7.813966133,20.04973339,15.82169519
4/26/23,2.66E-05,0,0,26.53856559,3.932862973,21.37667448,3.951896946,11.07385312,4.869004021,29.10445169,22.96697689
4/27/23,2.66E-05,0,0,26.53856559,3.932862973,21.37667448,3.951896946,11.07385312,4.869004021,29.10445169,22.96697689
4/28/23,2.66E-05,0,0,26.53856559,3.932862973,21.37667448,3.951896946,11.07385312,4.869004021,29.10445169,22.96697689
4/29/23,2.66E-05,0,0,26.53856559,3.932862973,21.37667448,3.951896946,11.07385312,4.869004021,29.10445169,22.96697689
4/30/23,2.66E-05,0,0,26.53856559,3.932862973,21.37667448,3.951896946,11.07385312,4.869004021,29.10445169,22.96697689
5/1/23,2.66E-05,0,0,26.53856559,3.932862973,21.37667448,3.951896946,11.07385312,4.869004021,29.10445169,22.96697689
5/2/23,2.66E-05,0,0,26.53856559,3.932862973,21.37667448,3.951896946,11.07385312,4.869004021,29.10445169,22.96697689
5/3/23,4.71E-05,0,0,40.08779108,5.940780358,67.71088769,12.51768373,28.2204644,12.40810702,29.32004021,23.13710265
5/4/23,4.71E-05,0,0,40.08779108,5.940780358,67.71088769,12.51768373,28.2204644,12.40810702,29.32004021,23.13710265
5/5/23,4.71E-05,0,0,40.08779108,5.940780358,67.71088769,12.51768373,28.2204644,12.40810702,29.32004021,23.13710265
5/6/23,4.71E-05,0,0,40.08779108,5.940780358,67.71088769,12.51768373,28.2204644,12.40810702,29.32004021,23.13710265
5/7/23,4.71E-05,0,0,40.08779108,5.940780358,67.71088769,12.51768373,28.2204644,12.40810702,29.32004021,23.13710265
5/8/23,4.71E-05,0,0,40.08779108,5.940780358,67.71088769,12.51768373,28.2204644,12.40810702,29.32004021,23.13710265
5/9/23,4.71E-05,0,0,40.08779108,5.940780358,67.71088769,12.51768373,28.2204644,12.40810702,29.32004021,23.13710265