,vaccine_time,vaccine_amount,A1-R1,A1-R2,A2-R1,A2-R2,A3-R1,A3-R2,A4-R1,A4-R2,A5-R1,A5-R2
0,12/13/20,0.0,0,0,0.0,0.0,0.0,0.0,0.0,0.0,0.0,0.0
1,12/14/20,0.0,0,0,0.0,0.0,0.0,0.0,0.0,0.0,0.0,0.0
2,12/15/20,0.0,0,0,0.0,0.0,0.0,0.0,0.0,0.0,0.0,0.0
3,12/16/20,0.0,0,0,0.0,0.0,0.0,0.0,0.0,0.0,0.0,0.0
4,12/17/20,0.0,0,0,0.0,0.0,0.0,0.0,0.0,0.0,0.0,0.0
5,12/18/20,0.0,0,0,0.0,0.0,0.0,0.0,0.0,0.0,0.0,0.0
6,12/19/20,0.0,0,0,0.0,0.0,0.0,0.0,0.0,0.0,0.0,0.0
7,12/20/20,0.0,0,0,0.0,0.0,0.0,0.0,0.0,0.0,0.0,0.0
8,12/21/20,0.0,0,0,0.0,0.0,0.0,0.0,0.0,0.0,0.0,0.0
9,12/22/20,0.0,0,0,0.0,0.0,0.0,0.0,0.0,0.0,0.0,0.0
10,12/23/20,0.0,0,0,0.0,0.0,0.0,0.0,0.0,0.0,0.0,0.0
11,12/24/20,0.007211788983587731,0,0,1.5785028218771537,0.23392337159993296,18968.3422670852,3506.666693653148,6409.558052213934,2818.1827401827477,1036.9999226849955,818.3176383874152
12,12/25/20,0.0005501997671743095,0,0,0.7892514109385769,0.11696168579996648,1442.4883767999677,266.6720093765755,487.42862505105967,214.31476663440554,83.01894217610811,65.51192841661448
13,12/26/20,0.00012478990058165855,0,0,0.0,0.0,334.3012942470956,61.802090961614184,112.96314260024558,49.66813252324824,12.280908605933153,9.691113671096817
14,12/27/20,6.864198827281945e-05,0,0,0.0,0.0,176.91919143596292,32.70695073617893,59.78244235012996,26.28540779639436,13.263381294407806,10.466402764784561
15,12/28/20,9.421963904050657e-05,0,0,0.0,0.0,234.98776040420842,43.442054198667115,79.40428692517263,34.91282691975079,25.54428990034096,20.157516435881377
16,12/29/20,0.00031963832770009017,0,0,0.7892514109385769,0.11696168579996648,802.6487243367766,148.38521514971978,271.2215712755896,119.25189610695479,81.05399679915881,63.96135022923899
17,12/30/20,0.001127020245499553,0,0,0.7892514109385769,0.11696168579996648,2850.7868485064823,527.0233503593495,963.3042014270942,423.54983789711525,267.72380760934277,211.2662780299106
18,12/31/20,0.0014692654734239276,0,0,3.1570056437543075,0.4678467431998659,3596.452397687504,664.8741181860669,1215.2706915776419,534.3355750512436,459.79721820613725,362.83529584586483
19,01/01/21,0.0012519414709017635,0,0,3.1570056437543075,0.4678467431998659,2975.0644400366527,549.9984783304691,1005.2986164521855,442.0141274228033,475.0255448774944,374.85227679802483
20,01/02/21,0.00041083796042734437,0,0,2.3677542328157304,0.3508850573998994,850.4060520863617,157.2140852870932,287.3591630756247,126.34734361027596,272.636171051716,215.1427234983493
21,01/03/21,0.00025499944303946796,0,0,0.0,0.0,544.8676938702662,100.72938202185169,184.11525190040027,80.95260560607343,154.2482120905204,121.72038770897602
22,01/04/21,0.0003180199712220818,0,0,0.0,0.0,776.5992728370029,143.56946780206152,262.4192484755705,115.38165201423415,101.6859232571265,80.24242119668163
23,01/05/21,0.001091477366429609,0,0,2.3677542328157304,0.3508850573998994,2524.626007853066,466.72618044387855,853.0917847018546,375.09115665284224,478.95543563139296,377.9534331727758
24,01/06/21,0.0015706363671149808,0,0,3.946257054692884,0.5848084289998323,3608.3917296249,667.0813357204103,1219.3050895276508,536.109436927074,711.8014627998856,561.6969483767715
25,01/07/21,0.0012516862711287647,0,0,2.3677542328157304,0.3508850573998994,2732.4789229450103,505.1518311554016,923.3269853770073,405.97247930934236,701.4854995709018,553.5564128930502
26,01/08/21,0.000903376336199166,0,0,3.1570056437543075,0.4678467431998659,1932.0009862332147,357.1679282846534,652.8389410014192,287.0431035434476,542.8161603822454,428.3472242624793
27,01/09/21,0.0015774782104209534,0,0,10.260268342201499,1.5205019153995643,3506.3647112507865,648.2196586087488,1184.8293252275757,520.9509808972514,820.855931220572,647.7540377761112
28,01/10/21,0.0010096222372437539,0,0,3.946257054692884,0.5848084289998323,2245.6797980429897,415.15755259603816,758.8335780516496,333.64729282662535,525.6228883339389,414.77966512294375
29,01/11/21,0.0007200479856747716,0,0,1.5785028218771537,0.23392337159993296,1633.5176877983079,301.9874899260693,551.9789922512,242.69655664769027,345.8303863430776,272.9017609780864
30,01/12/21,0.0005146335377589856,0,0,2.3677542328157304,0.3508850573998994,1181.9938618022309,218.514535899993,399.4053970508683,175.61232570719915,232.84602716849258,183.74351520399563
31,01/13/21,0.001425633367043032,0,0,0.7892514109385769,0.11696168579996648,3343.5556393772013,618.1212376858847,1129.8148077274561,496.76195531774744,584.0800132981808,460.9093661973646
32,01/14/21,0.0018103628025676758,0,0,3.946257054692884,0.5848084289998323,3986.1087763716187,736.9096722614548,1346.9387701279281,592.2279762715233,982.4726884746523,775.2890936877453
33,01/15/21,0.0015404737684482069,0,0,1.5785028218771537,0.23392337159993296,3445.582657751315,636.9829147975462,1164.2905720275312,511.92041134756994,786.9606234681964,621.0065640438839
34,01/16/21,0.0019440819615837285,0,0,7.103262698447192,1.0526551721996982,3628.471515155976,670.7934743008968,1226.0902133526654,539.0927500818794,1662.3437888991116,1311.789146519665
35,01/17/21,0.0014315746407625109,0,0,28.413050793788766,4.210620688798793,2519.7417356968585,465.8232278161926,851.441349176851,374.36548588545713,1351.3911829968843,1066.4101483674938
36,01/18/21,0.0008111867206200509,0,0,7.103262698447192,1.0526551721996982,1351.3152965507597,249.8168936597716,456.6204952509927,200.76891230988332,842.9615667112516,665.1980423840855
37,01/19/21,0.0007894346789690053,0,0,1.5785028218771537,0.23392337159993296,1555.369333298987,287.54024788309454,525.5720238511426,231.08582436952832,599.3083399695379,472.92634714952464
38,01/20/21,0.0017222313811995117,0,0,10.260268342201499,1.5205019153995643,3073.292580067049,568.1578589539304,1038.4907086772575,456.60817285577076,1601.9217185579205,1264.1088672578687
39,01/21/21,0.0016696880462329397,0,0,9.471016931262922,1.4035402295995976,3104.2263037230305,573.8765589292746,1048.9434670022804,461.20408771587654,1436.866306894179,1133.8602995183276
40,01/22/21,0.0023590353858974305,0,0,8.681765520324346,1.286578543799631,4441.974177617658,821.1852508454742,1500.979419128263,659.9572478941345,1980.664939964899,1562.9828128744946
41,01/23/21,0.00282604563798881,0,0,11.049519753140075,1.6374636011995307,4503.298928023375,832.5223227264196,1521.7015540533082,669.068447529081,3136.5440579553274,2475.110431598127
42,01/24/21,0.00205722524485569,0,0,18.152782451587267,2.6901187733992287,2555.017034602802,472.34455234947984,863.3611613018769,379.60644142768297,2952.3304288663303,2329.743726531675
43,01/25/21,0.0012928313916979123,0,0,4.735508465631461,0.7017701147997988,1661.1952300168175,307.1042214829562,561.3314602262203,246.80869099620594,1807.7497467933601,1426.5319323854515
44,01/26/21,0.001770198943858425,0,0,4.735508465631461,0.7017701147997988,2517.5709480718774,465.4219155372211,850.7078222768494,374.0429655443971,2249.371220262716,1775.0243799980929
45,01/27/21,0.002403066649218372,0,0,12.62802257501723,1.8713869727994636,3780.969345810901,698.9856618986462,1277.6204780777775,561.7498040413482,2710.150911157328,2138.6349649376452
46,01/28/21,0.0028034433062225166,0,0,8.681765520324346,1.286578543799631,4188.53472240111,774.3320422755492,1415.3401535530768,622.3029980753732,3373.3199758777187,2661.9551031768738
47,01/29/21,0.0034559877677721707,0,0,4.735508465631461,0.7017701147997988,4886.9856407387915,903.4542680346359,1651.35243362859,726.0739178114454,4420.635861791698,3488.41327704801
48,01/30/21,0.0037854436834534777,0,0,17.36353104064869,2.573157087599262,5139.339702142849,950.1068204650752,1736.6249357537754,763.5669074596767,5033.698819399881,3972.1936715091633
49,01/31/21,0.0028605924560178107,0,0,21.309788095341574,3.157965516599095,3800.506434435731,702.5974724093899,1284.2222201777918,564.6524871108887,3876.3459923767405,3058.903119144999
50,02/01/21,0.0012292011004250377,0,0,2.3677542328157304,0.3508850573998994,1681.275015547893,310.81636006344274,568.116584051235,249.79200415101144,1625.009826737075,1282.3281609595308
51,02/02/21,0.002226582962742685,0,0,16.574279629710112,2.4561954017992957,3110.1959696917284,574.9801676964463,1050.9606659772846,462.09101865379165,2875.20632282107,2268.883532677187
52,02/03/21,0.0036302036188507725,0,0,11.049519753140075,1.6374636011995307,5618.541070357436,1038.6965060480384,1898.5509989291274,834.7632727486834,4186.316125590493,3303.5068282034827
53,02/04/21,0.0036642432887810427,0,0,27.62379938285019,4.093659002998827,5306.490349266397,981.0078659458823,1793.1065070538982,788.4009737213008,4555.725856456963,3595.015527430075
54,02/05/21,0.0046855057784244356,0,0,22.09903950628015,3.2749272023990614,6434.214520444099,1189.4895948715873,2174.1737316047265,955.9502909019986,6162.068702113019,4862.613195609539
55,02/06/21,0.004121283932458724,0,0,19.731285273464422,2.924042144999162,5750.959115481285,1063.176555065301,1943.2961398292246,854.4370135533468,5334.335462073124,4209.432134177613
56,02/07/21,0.0037624785914600308,0,0,30.780805026604497,4.5615057461986925,5205.0060277985285,962.2465169039637,1758.8141244788235,773.3231477767433,4904.012424521226,3869.8555111423807
57,02/08/21,0.001176148117605809,0,0,11.838771164078652,1.7544252869994972,1490.2457045495528,275.5008795139489,503.56621685109474,221.41021413772674,1659.3963708336878,1309.463279238602
58,02/09/21,0.0038481230820300765,0,0,27.62379938285019,4.093659002998827,5333.625194578662,986.0242694330263,1802.275593303918,792.4324779845515,5008.645765843778,3952.4237996201255
59,02/10/21,0.003209626428036373,0,0,18.152782451587267,2.6901187733992287,4464.224750773715,825.2987017049322,1508.4980698532795,663.26308139,4166.175435476763,3287.613401782884
60,02/11/21,0.003327150761293336,0,0,24.46679373909588,3.625812259798961,4583.075373241432,847.2705489786231,1548.6586676283666,680.921070063038,4356.775137040846,3438.0194859583066
61,02/12/21,2.44894107322715e-05,0,0,0.0,0.0,28.220239124754823,5.217059626629768,9.53584970002073,4.192764433780695,37.333962162036784,29.460985560134322
62,02/13/21,0.009192934015275791,0,0,26.83454797191161,3.97669731719886,12085.860102082497,2234.3061131739414,4083.9110157588784,1795.6319988518478,12603.15964775284,9945.408493826397
63,02/14/21,0.0034183615993628996,0,0,10.260268342201499,1.5205019153995643,5252.220658641869,970.9750589715943,1774.7683345538583,780.3379651947995,3978.031915633867,3139.1455403416808
64,02/15/21,0.002237717947123371,0,0,11.838771164078652,1.7544252869994972,3468.3759278136167,641.1966937267472,1171.992604477548,515.3068749287005,2572.604734770877,2030.094491821361
65,02/16/21,0.0027773760171850275,0,0,26.045296560973036,3.8597356313988938,3939.436842434524,728.2814582635672,1331.167941777894,585.2937889387321,3527.0769516240016,2783.2878463390057
66,02/17/21,0.0017362847799126547,0,0,8.681765520324346,1.286578543799631,2708.600259070218,500.7373960867149,915.2581894769897,402.42475555768175,1980.1737036206616,1562.5951683276508
67,02/18/21,0.0034350760275935637,0,0,14.206525396894383,2.1053103443993963,4885.357550020056,903.1532838254072,1650.8022884535887,725.8320275556504,4361.687500483219,3441.8959314267454
68,02/19/21,0.003416727491421854,0,0,18.152782451587267,2.6901187733992287,5083.441920799585,939.7730292815586,1717.7366180787342,755.2620086773803,4126.3852915935395,3256.2141934885303
69,02/20/21,0.002803405006435717,0,0,15.785028218771537,2.3392337159993293,4027.8964381525057,744.6349336316566,1361.0591629529588,598.4364928369292,3518.725933771967,2776.69788904266
70,02/21/21,0.000481290085423336,0,0,3.946257054692884,0.5848084289998323,697.3655245251913,128.92156961960103,235.64551662551227,103.60965956554219,597.8346309368259,471.76341350899304
71,02/22/21,0.0024886526527566444,0,0,25.25604515003446,3.7427739455989273,4215.669567713374,779.3484457626931,1424.5092398030968,626.3345023386239,2518.568736904771,1987.4535916685352
72,02/23/21,0.001585266018924024,0,0,10.260268342201499,1.5205019153995643,2222.8865279806873,410.94377366683716,751.131545601633,330.2608292454948,2040.1045376176155,1609.887803042603
73,02/24/21,0.0021663226119749547,0,0,9.471016931262922,1.4035402295995976,3215.4791695033136,594.443813226565,1086.536720627362,477.73325519520426,2624.6757872600338,2071.1848137868114
74,02/25/21,0.005399095214617722,0,0,50.51209030006892,7.485547891197855,7978.729915618181,1475.0232813598243,2696.0781209558613,1185.4235135662266,6557.022722879829,5174.279411272012
75,02/26/21,0.002830936540443607,0,0,22.09903950628015,3.2749272023990614,3613.276001781108,667.9842883480961,1220.9555250526544,536.8351076944591,3973.610788535731,3135.656739420086
76,02/27/21,0.002957078934433485,0,0,22.88829091721873,3.391888888199028,4339.404462337299,802.2232456640699,1466.3202731031877,644.7181617790469,3622.8680387502804,2858.878532973561
77,02/28/21,0.003731436500197145,0,0,37.09481631411311,5.497199232598424,6143.328978696627,1135.7137494894034,2075.881127004513,912.7325651999514,3942.6628988487796,3111.235132968922
78,03/01/21,0.0021423421297330357,0,0,14.206525396894383,2.1053103443993963,3128.104967597823,578.2909939979613,1057.0122629022978,464.7518114675371,2640.8865866198653,2083.9770838326594
79,03/02/21,0.002676359796838495,0,0,33.148559259420225,4.9123908035985915,4513.067472335791,834.3282279817914,1525.0024251033153,670.5197890638512,2723.9055287959736,2149.489012249274
80,03/03/21,0.0032836218339414225,0,0,23.677542328157305,3.5088505739989944,5354.790373922227,989.9370641529986,1809.4274805789337,795.577051309887,3523.147060870103,2780.1866899642546
81,03/04/21,0.00383149924512263,0,0,27.62379938285019,4.093659002998827,6485.2280296311565,1198.920433427418,2191.411613754764,963.5295189169099,3889.609373671148,3069.3695219097835
82,03/05/21,0.0048772333899932616,0,0,81.29289532667342,12.047053637396546,8447.077345707861,1561.6064055479299,2854.3365496312053,1255.0072771499333,4742.395667267147,3742.3204552307466
83,03/06/21,0.004248605821153716,0,0,37.09481631411311,5.497199232598424,7080.023838875989,1308.8799978656148,2392.397984355201,1051.9000923673646,4412.776080283901,3482.210964298508
84,03/07/21,0.004238222067337775,0,0,50.51209030006892,7.485547891197855,7376.336349685914,1363.6591239452273,2492.5244062054185,1095.9241189220618,4100.349765348961,3235.6690325058053
85,03/08/21,0.0011745799952676546,0,0,23.677542328157305,3.5088505739989944,1951.5380748580449,360.77973879539707,659.4406831014336,289.9457866129881,1216.7924246758569,960.1955425322726
86,03/09/21,0.002824845428706124,0,0,52.87984453288465,7.8364329485977535,5299.435289485208,979.7036010392248,1790.722544628893,787.3527826128557,2362.8468157815387,1864.5702703190275
87,03/10/21,0.003815470160851314,0,0,47.35508465631461,7.017701147997989,6728.356243629044,1243.8674086722283,2273.5666265549426,999.6517971156359,3608.1309484231606,2847.2491965682448
88,03/11/21,0.003855903721386937,0,0,41.83032477974457,6.198969347398223,6852.091138252968,1266.742208573605,2315.3776598550335,1018.0354565560589,3601.253639603838,2841.8221729124302
89,03/12/21,0.006146841532856581,0,0,36.305564903174535,5.380237546798457,10430.091841128133,1928.205172388414,3524.413372782662,1549.6296087082922,6221.017063421498,4909.130541230803
90,03/13/21,0.007443280602359195,0,0,88.3961580251206,13.099708809596246,14195.865673564165,2624.3816483342594,4796.8991625604285,2109.12177036222,6041.715797774874,4767.64028163279
91,03/14/21,0.005531295666141073,0,0,71.8218783954105,10.643513407796949,11284.29677155821,2086.1215541637075,3813.0562079332894,1676.5413629154232,3799.22188633148,2998.042925290511
92,03/15/21,0.0034350372121607926,0,0,43.408827601621724,6.432892718998156,6386.999889600759,1180.7610528039568,2158.219521529692,948.9354734839425,2940.049520260397,2320.052612860578
93,03/16/21,0.004488710838334683,0,0,51.301341711007495,7.602509576997821,8972.950647859543,1658.8243051287807,3032.0334411565914,1333.1378297717313,3259.844380358896,2572.409212855939
94,03/17/21,0.00015487872076289878,0,0,0.0,0.0,356.55186740315224,65.91554182107227,120.48179332526192,52.97396601911379,69.7555608817003,55.04552565182992
95,03/18/21,0.006157486710676052,0,0,97.86717495638352,14.503249039195843,12868.429040888199,2378.9791897431746,4348.347463209453,1911.9005818039973,3931.364462931321,3102.319308391513
96,03/19/21,0.012690916723937705,0,0,249.40344585659028,36.959892712789404,26997.542994984193,4991.02048549906,9122.690673594832,4011.1048516786204,7628.409189661437,6019.732167938499
97,03/20/21,0.0002591850573047913,0,0,2.3677542328157304,0.3508850573998994,613.7902009634174,113.47104687919747,207.4047309754509,91.19262643473013,99.22974153593988,78.30419846246228
98,03/21/21,0.013586638454841276,0,0,315.70056437543076,46.78467431998659,30233.64464692483,5589.276765375855,10216.19589977221,4491.902050113895,6892.537145993923,5439.040636766377
99,03/22/21,0.003177856476263926,0,0,67.8756213407176,10.058704978797117,6782.083237347327,1253.7998875767735,2291.721417329982,1007.6341755568722,1886.3475618713323,1488.555059880471
100,03/23/21,0.005768809315492533,0,0,147.59001384551388,21.87183524459373,13140.862887823332,2429.3438807541006,4440.4050891596535,1952.3768846070338,2634.009277800543,2078.5500601768454
101,03/24/21,0.0069900481589908175,0,0,191.78809285807418,28.42168964939185,15926.52610758038,2944.327862744304,5381.7034835867,2366.2511122723477,3179.772856248212,2509.2231517203877
102,03/25/21,0.007646963559891041,0,0,205.20536684402998,30.410038307991282,17632.22248390931,3259.6589859461765,5958.0722452629525,2619.6714702602844,3286.371142947712,2593.3420183855083
103,03/26/21,0.008051252527871056,0,0,250.19269726752884,37.07685439858937,18561.319587401238,3431.4206413459874,6272.021758463635,2757.7101762339876,3441.1105913824695,2715.450050641328
104,03/27/21,0.007953335822467171,0,0,256.50670855503745,38.012547884989104,18447.895933995973,3410.4520747697256,6233.694977938551,2740.8584884136,3288.336088324661,2594.8925965728836
105,03/28/21,0.006408769564130219,0,0,265.1884740753618,39.29912642878873,14865.553655870848,2748.1864863969736,5023.1922112109205,2208.619295579246,2611.9036423098632,2061.106055568871
106,03/29/21,0.002853189172751648,0,0,91.55316366887492,13.567555552796112,6951.947369002101,1285.202573406295,2349.119897255107,1032.8713922448214,868.0146202673553,684.967914273123
107,03/30/21,0.006320312613634246,0,0,313.332810142615,46.43378926258669,15098.370628650075,2791.227228316669,5101.862971236092,2243.2096021579373,2133.4394430227076,1683.5402669429388
108,03/31/21,0.007849824272754189,0,0,353.5846321004824,52.39883523838498,19059.51534733441,3523.5218093699514,6440.366182014001,2831.72859450727,2385.443687616456,1882.4019194738455
109,04/01/21,0.007577322580862983,0,0,318.85757001918506,47.25252106318646,18543.410589495143,3428.1098150444723,6265.970161538622,2755.049383420242,2181.089368413728,1721.1417879867945
110,04/02/21,0.00840819479026965,0,0,482.2326120834704,71.46359002377952,20505.802602478096,3790.8961152347274,6929.078479140064,3046.6077717385306,2404.110668697474,1897.132412253913
111,04/03/21,0.008606074113017923,0,0,496.4391374803648,73.56890036817892,21203.168127003286,3919.817684854328,7164.723995765576,3150.2174313040728,2258.2134744589885,1782.0019818412827
112,04/04/21,0.006546764480052744,0,0,460.92282398812887,68.30562450718043,16118.098115484965,2979.743671363541,5446.43723251184,2394.713532370897,1675.115933849282,1321.8679047376058
113,04/05/21,0.0016021037981123608,0,0,125.49097433923372,18.59690804219467,3723.986170655146,688.4512145756437,1258.3653969527356,553.2836450885218,607.6593578215725,479.5163044458705
114,04/06/21,0.005442787858844215,0,0,356.74163774423675,52.86668198158485,13217.925848510162,2443.5904666575893,4466.44529410971,1963.8263567146657,1579.816083067241,1246.6648626498945
115,04/07/21,0.007428598533709603,0,0,492.49288042567196,72.98409193917908,18335.014977496954,3389.5838362632066,6195.551579138469,2724.0874306784767,1877.5053076750605,1481.5774580372813
116,04/08/21,0.008881895442948897,0,0,567.4717644648367,84.0954520901759,21992.792125590175,4065.7950263302187,7431.544405641156,3267.5342053646673,2192.3878043311865,1730.0576125642037
117,04/09/21,0.00886303481183451,0,0,666.1281908321588,98.7156628151717,21539.640208875364,3982.021088094914,7278.420665265823,3200.208084168381,2503.340410233414,1975.436610716375
118,04/10/21,0.008145959537749374,0,0,737.1608178166308,109.24221453716869,19887.12812935847,3676.522115727844,6720.023312639609,2954.689474536415,2136.3868610881314,1685.8661342240023
119,04/11/21,0.000717141793979628,0,0,352.79538068954383,52.28187355258501,1714.3795268288554,316.93637231775847,579.3028692762593,254.71043935217725,37.333962162036784,29.460985560134322
120,04/12/21,0.010863499885543092,0,0,1385.925477608141,205.38472026474113,27056.154260858686,5001.855917031291,9142.495899894875,4019.812900887242,2091.1931174182973,1650.202835914366
121,04/13/21,0.005617734716509554,0,0,680.3347162290532,100.8209731595711,13599.984470506843,2514.221427756577,4595.546028509991,2020.5899367412353,1470.270378302317,1160.2201287037108
122,04/14/21,0.0067937631859454175,0,0,1149.150054326568,170.29621452475118,16417.666807732363,3035.1247658616107,5547.663944712061,2439.2213394371847,1596.0268824270727,1259.4571326957423
123,04/15/21,0.006429806400182448,0,0,1333.0456330752563,197.54828731614336,15294.284211804623,2827.445661493849,5168.063773961235,2272.317062938607,1580.7985557557156,1247.4401517435822
124,04/16/21,0.007998260961062093,0,0,1510.627200536436,223.86466662113583,19234.806448051637,3555.927775896902,6499.59847918913,2857.772112047869,1865.2243990691275,1471.8863443661844
125,04/17/21,0.007414966516817484,0,0,1444.3300820175955,214.03988501393866,17798.28773722037,3290.359375287498,6014.187053113074,2644.3442763513785,1732.5905861250492,1367.2223167183388
126,04/18/21,0.005676576497547023,0,0,1429.3343052097625,211.81761298373928,13736.20139397441,2539.40377326204,4641.5748414850905,2040.8280881427536,1015.3855235385531,801.2612783262848
127,04/19/21,0.0030012983912127665,0,0,943.9446874825379,139.8861762167599,6860.774288752893,1268.3474576894912,2318.31176745504,1019.3255379202991,791.3817505663324,624.4953649654789
128,04/20/21,0.0035043986463594193,0,0,734.0038121728765,108.77436779396882,8335.824479927578,1541.0391512506394,2816.7432960061233,1238.4781096706054,856.7161843498968,676.0520896957139
129,04/21/21,0.006458781742935633,0,0,1362.2479352799837,201.87586969074212,15823.95639230002,2925.3658575629,5347.044337561624,2351.01202615726,1142.6157366960206,901.6612159588478
130,04/22/21,0.005666282349365872,0,0,1151.5178085593836,170.64709958215107,13760.622754755448,2543.9185364004697,4649.827019110108,2044.456441979679,1144.0894457287325,902.8241495993794
131,04/23/21,0.00547034548349819,0,0,1486.9496582082788,220.35581604713684,13004.10326744952,2404.0612071788946,4394.192894459553,1932.0581031202505,1125.9137009919516,888.4813013661561
132,04/24/21,0.005518832109326101,0,0,1222.5504355438554,181.17365130414805,13362.283225571407,2470.2777332091955,4515.224832959816,1985.2739593951594,1087.1060297972028,857.8573821654902
133,04/25/21,0.00011242838147371758,0,0,41.041073368805996,6.082007661598257,265.37878715394436,49.0604261042684,89.67366352519495,39.42811169459154,18.175744736781066,14.342848233223288
134,04/26/21,0.006144667100025056,0,0,2381.1715068016865,352.87340605849886,14463.415248343092,2673.8433867174995,4887.3063529856245,2148.8724023978716,942.6825445914288,743.8898853933916
135,04/27/21,0.003767513438457781,0,0,891.0648429496532,132.04974326816216,8944.730408734787,1653.607245502151,3022.4975914565707,1328.9450653379504,871.4532746770166,687.6814261010301
136,04/28/21,0.0038770942503220875,0,0,846.866763937093,125.49988886336402,9231.817072138543,1706.6807943961346,3119.506523981782,1371.5983804431426,916.6470183468506,723.3447244106663
137,04/29/21,0.004151086049252979,0,0,1217.0256756672854,180.3549195035483,9759.31846500896,1804.199678186214,3297.7535606821693,1449.9708233207355,898.9625099543068,709.389520724287
138,04/30/21,3.0735870698201096e-05,0,0,1.5785028218771537,0.23392337159993296,79.23374831181161,14.647898182460505,26.773731850058205,11.771992448691954,4.912363442373262,3.8764454684387264
139,05/01/21,0.007504874781852522,0,0,2097.0409988637984,310.76719917051093,17634.393271534293,3260.060298225148,5958.805772162954,2619.9939906013446,1700.6602237496231,1342.025421173487
140,05/02/21,0.0022616304300015055,0,0,859.4947865121102,127.37127583616349,5318.429681203794,983.2150834802256,1797.140905003907,790.174835597131,362.53242204714667,286.08167557077803
141,05/03/21,0.0005672627905463197,0,0,190.20959003619703,28.18776627779192,1338.8332677071182,247.50934805568536,452.4027155759835,198.914420348788,102.66839594560116,81.01771029036938
142,05/04/21,0.0019440553514338008,0,0,587.2030497383012,87.01949423517506,4492.444989898469,830.5157613315621,1518.0339195533002,667.4558458237807,482.8853263852916,381.0545895475268
143,05/05/21,0.004277904564614712,0,0,996.035280604484,147.6056474795577,9864.058967914301,1823.56299564659,3333.146233607246,1465.5324297768832,1272.793367918912,1004.3870208724741
144,05/06/21,2.160524771461545e-05,0,0,0.7892514109385769,0.11696168579996648,56.98317515575493,10.534447323002418,19.25508112504186,8.466158952826405,2.456181721186631,1.9382227342193632
145,05/07/21,0.005919351651775064,0,0,1687.4195165866772,250.06408424032833,13706.895761037164,2533.9860574959243,4631.672228335069,2036.4740635384428,1508.5868131528287,1190.456403357533
146,05/08/21,0.0032933398709832683,0,0,1027.605337042027,152.28411491155634,7656.910650214727,1415.5287360022962,2587.332758030625,1137.6098730040737,753.5565520600583,594.6467348585006
147,05/09/21,0.003375394563634398,0,0,1145.9930486828137,169.82836778155132,7839.799507619387,1449.339295505647,2649.132399355759,1164.7822117383832,720.1524806519201,568.2869056731173
148,05/10/21,0.0028920105975780075,0,0,814.5074560886113,120.7044597455654,6953.0327628145915,1285.4032295457807,2349.4866607051076,1033.0326524153513,504.0084891874966,397.72330506181333
149,05/11/21,0.0022489219971604376,0,0,535.9017080272937,79.41698465817724,5292.380229704019,978.3993361325674,1788.3385822038879,786.3045915044105,561.4831414632638,443.07771704254645
150,05/12/21,0.0025247889020907867,0,0,527.2199425069693,78.1304061143776,5936.018760510928,1097.3884268476234,2005.8293080543606,881.9318726287163,683.3097548341207,539.2135646598268
151,05/13/21,0.002463184488129153,0,0,816.8752103214271,121.0553448029653,5654.90176307587,1045.4184867208114,1910.8375745041542,840.1654884614394,599.7995763137752,473.31399169636853
152,05/14/21,0.0031831383262970318,0,0,4456.113466159205,660.3656780266107,5224.543116423359,965.8583274147073,1765.415866578838,776.2258308462838,538.8862696283468,425.2460678877283
153,05/15/21,4.1205287681317254e-05,0,0,8.681765520324346,1.286578543799631,98.77083693664187,18.25970869320419,33.37547395007255,14.674675518232435,9.333490540509196,7.3652463900335805
154,05/16/21,0.008702326188280709,0,0,11580.685952701739,1716.178815742908,14950.214373245111,2763.837665276863,5051.7997603109825,2221.1975888805887,1236.4418784453499,975.7013244060274
155,05/17/21,0.0015482019279828472,0,0,2277.779571968733,337.55142521870323,2568.584457258934,474.85275409305183,867.9457044268869,381.6221935593083,165.54664800797892,130.63621228638507
156,05/18/21,0.0017300762061382888,0,0,2380.3822553907476,352.75644437269887,2872.4947247562936,531.0364731490647,970.6394704271102,426.7750413077158,288.8469704115478,227.9349935441971
157,05/19/21,0.004237385834050287,0,0,5641.569085388947,836.0421300981603,7194.532886093743,1330.0492205813623,2431.091528330285,1068.9130403582824,679.8711004244594,536.5000528319198
158,05/20/21,5.328066678011198e-05,0,0,23.677542328157305,3.5088505739989944,121.56410699894384,22.47348762240516,41.0775064000893,18.061139099362997,9.824726884746523,7.752890936877453
159,05/21/21,0.004551373734094905,0,0,6104.859663609892,904.6986396627407,7791.499482963557,1440.4100972985307,2632.8114258307237,1157.606134149797,641.5546655739479,506.2637781780977
160,05/22/21,0.005820425879826036,0,0,5786.002093590707,857.4461185995542,11330.42600858906,2094.6494400918523,3828.6436545583233,1683.3949201629493,840.9966213343024,663.64746419671
161,05/23/21,0.00667151942385874,0,0,6821.49994474212,1010.8998503691103,12677.942426796104,2343.7640372634237,4283.980477734313,1883.5994218759774,1131.3173007785622,892.7453913814387
162,05/24/21,0.0020331401119442535,0,0,2951.8002769102773,437.4367048918746,3399.9961176267107,628.5553569391443,1148.8865071274977,505.1474841853088,217.61770049713547,171.72653425183557
163,05/25/21,0.002571050099456257,0,0,2770.272452394405,410.53551715788234,4725.804659583942,873.6568313210005,1596.8880613034717,702.1267824877365,494.67499864698743,390.35805867177976
164,05/26/21,0.002879468557993202,0,0,2620.3146843160753,388.3127968558887,5486.665722139832,1014.3167851005185,1853.9892397540305,815.1701620292853,682.327282145646,538.4382755661392
165,05/27/21,4.27923902471804e-05,0,0,19.731285273464422,2.924042144999162,98.22814003039659,18.15938062346131,33.19209222507216,14.594045432967421,6.8773088193225655,5.427023655814217
166,05/28/21,4.882962111793048e-05,0,0,15.785028218771537,2.3392337159993293,117.22253174898157,21.670863064462118,39.61045260008611,17.41609841724289,7.368545163559892,5.81466820265809
167,05/29/21,0.008622895983112838,0,0,8376.325224291117,1241.3143713950442,16401.92859745125,3032.215251839067,5542.345874687049,2436.8830669644994,1730.1344044038626,1365.2840939841194
168,05/30/21,1.635925089300371e-05,0,0,7.103262698447192,1.0526551721996982,39.616874155905805,7.3239490912302525,13.386865925029102,5.885996224345977,0.9824726884746523,0.7752890936877453
169,05/31/21,0.0019995318536776977,0,0,2058.3676797278085,305.03607656631254,3878.6547889350522,717.0447144523646,1310.6291885778492,576.2632193890506,256.42537169188427,202.35045345250154
170,06/01/21,0.002028298940018163,0,0,2108.8797700278774,312.5216244575104,3951.9188712781656,730.5890038676534,1335.385721452903,587.1482808998275,230.38984544730596,181.80529246977628
171,06/02/21,0.0011323710052536951,0,0,984.1965094404053,145.8512221925582,2216.9168620119895,409.84016489966547,749.1143466266285,329.3738983075796,242.6707540532391,191.4964061408731
172,06/03/21,0.0016754290242950985,0,0,1703.204544805449,252.40331795632764,3149.270146941389,582.2037887179337,1064.1641501773136,467.89638479287265,322.7422781639233,254.68246727642435
173,06/04/21,2.356456179027185e-05,0,0,9.471016931262922,1.4035402295995976,57.52587206200021,10.634775392745297,19.43846285004226,8.546789038091418,1.4737090327119784,1.162933640531618
174,06/05/21,0.002247727998874095,0,0,1974.7070301683193,292.6381378715161,4462.053963148734,824.8973894259608,1507.764542953278,662.94056104894,410.67358378240465,324.0708411614775
175,06/06/21,0.003944934034426493,0,0,4760.764510781495,705.5128887453977,7080.023838875989,1308.8799978656148,2392.397984355201,1051.9000923673646,591.4485584617406,466.7240344000227
176,06/07/21,0.001142465065581578,0,0,1458.53660741449,216.14519535833804,2026.4302479198943,374.6250124199145,684.7473611514886,301.07273837955995,142.45853982882457,112.41691858472306
177,06/08/21,0.0015915951294271217,0,0,2054.4214226731156,304.45126813731275,2781.3216445070857,514.1813574322608,939.8313406270431,413.22918698319353,223.02130028374606,175.9906242671182
178,06/09/21,0.001955308682743956,0,0,2072.5742051247025,307.14138691071196,3646.3805130620703,674.1043006024119,1232.1418102776786,541.7535428956248,349.2690407527389,275.61527280599347
179,06/10/21,0.0024174137919341396,0,0,2379.593003979809,352.63948268689893,4673.705756584394,864.025336625684,1579.2834157034333,694.3862943022953,394.4627844225729,311.27857111562975
180,06/11/21,0.0015676184913600755,0,0,1525.622977344269,226.0869386513352,2982.6621967240867,551.4030713068694,1007.8659606021911,443.14294861651354,311.9350785907021,246.15428724585914
181,06/12/21,1.8094812451241357e-05,0,0,9.471016931262922,1.4035402295995976,41.24496487464166,7.624933300458893,13.937011100030299,6.127886480141017,2.456181721186631,1.9382227342193632
182,06/13/21,0.0023050208931538457,0,0,2396.1672836095195,355.0956780886982,4373.051670524507,808.4435859881283,1477.6899400532125,649.7172270654778,372.3571489318932,293.8345665076555
183,06/14/21,0.0008046038367632494,0,0,903.6928655246704,133.92113024096162,1483.7333416746094,274.2969426770344,501.36563615109,220.44265311454657,126.73897681323014,100.01229308571915
184,06/15/21,7.589269415762346e-06,0,0,1.5785028218771537,0.23392337159993296,18.994391718584975,3.511482441000806,6.418360375013953,2.822052984275468,0.9824726884746523,0.7752890936877453
185,06/16/21,0.004431504281394221,0,0,4341.672011573111,643.4062335856156,8533.366153800862,1577.5585686370478,2883.4942439062684,1267.8274607070703,768.2936423871781,606.2760712638168
186,06/17/21,0.0015615294893180274,0,0,1496.4206751395416,221.75935627673644,2964.2105019117466,547.9919169356115,1001.6309819521775,440.4015257175031,332.07576870443245,262.0477136664579
187,06/18/21,0.0019383835934114282,0,0,1705.5722990382644,252.75420301372756,3864.0019724664294,714.3358565693068,1305.6778820028385,574.0862070868952,337.47936849104303,266.3118036817405
188,06/19/21,0.0008556626681767278,0,0,709.5370184337805,105.14855553416986,1653.0547764231383,305.599300436813,558.5807343512143,245.59923971723074,225.96871834917002,178.31649154818143
189,06/20/21,0.0015985903422859663,0,0,1374.875957855001,203.7472566635416,3235.5589550343893,598.1559518070516,1093.3218444523768,480.71656835000977,252.98671728222297,199.6369416245944
190,06/21/21,0.0007082624759346521,0,0,744.2640805150779,110.29486970936838,1368.1389006443635,252.9270638218009,462.30532872600503,203.26844495309874,86.4575965857694,68.2254402445216
191,06/22/21,0.0009908034099365573,0,0,861.8625407449259,127.72216089356338,1916.2627759521015,354.25841426210985,647.5208709764077,284.7048310707622,233.82849985696726,184.51880429768337
192,06/23/21,0.0012605527856407472,0,0,1003.1385433029311,148.6583026517574,2504.003525415745,462.9137137936491,846.1232791518395,372.02721341277174,295.7242792308703,233.36201720001134
193,06/24/21,0.0013782767813463874,0,0,1319.6283590893004,195.55993865754394,2552.3035500715755,471.8429120007654,862.444252676875,379.2032910013579,353.69016785087484,279.1040737275883
194,06/25/21,0.0018374582439923302,0,0,1986.5458013323978,294.3925631585156,3382.087119720616,625.2445306376292,1142.8349102024845,502.4866913715634,344.84791365460296,272.1264718843986
195,06/26/21,2.997952366466166e-05,0,0,5.524759876570037,0.8187318005997654,76.5202637805852,14.146257833746104,25.85682322505621,11.368842022366886,2.947418065423957,2.325867281063236
196,06/27/21,0.004063850867957405,0,0,1691.3657736413702,250.64889266932815,9444.554259386696,1746.0093977353436,3191.392160181938,1403.205373867028,661.6953556876783,522.1572045986965
197,06/28/21,0.00477020837268832,0,0,2808.9457715303947,416.2666397620807,10629.804302626399,1965.1259020537939,3591.8978475828085,1579.301480085817,674.4675006378488,532.2359628166372
198,06/29/21,0.001081785071640433,0,0,966.0437269888181,143.16110341915896,2130.0853570127438,393.7876737408047,719.7732706265648,316.4730846651775,203.86308285849034,160.87248694020715
199,06/30/21,0.0012967675896041178,0,0,1081.2744329858504,160.23750954595405,2600.0608778211604,480.6717821381389,878.58184447691,386.2987385046791,250.039299216799,197.31107434353117
200,07/01/21,0.0012663807954056978,0,0,1089.9561985061746,161.5240880897537,2460.5877729161225,454.8874682142187,831.4527411518076,365.57680659157063,295.7242792308703,233.36201720001134
201,07/02/21,0.001154081460380942,0,0,866.5980492105574,128.42393100836318,2362.3596328857257,436.72808759075735,798.2606489267354,350.98276115860324,238.7408632993405,188.3952497661221
202,07/03/21,0.00018629901605876308,0,0,63.92936428602472,9.473896549797285,421.67549615258645,77.95491019021789,142.48760032530976,62.649576250915395,49.61487076796994,39.15209923123114
203,07/04/21,0.0020521348870953054,0,0,1685.0517623538615,249.7131991829284,4102.788611214355,758.480207256174,1386.3658410030139,609.5634446035011,423.4457287325751,334.14959937941825
204,07/05/21,1.3229024706797294e-05,0,0,4.735508465631461,0.7017701147997988,31.476420562226533,5.81902804508705,10.636140050023123,4.676544945370776,1.9649453769493046,1.5505781873754907
205,07/06/21,0.0005662136226213582,0,0,420.67100203026143,62.34057853138213,1158.6578948336835,214.20042890104915,391.51998287585116,172.14523204080356,120.35290433814491,94.9729139767488
206,07/07/21,0.0005208416319003366,0,0,346.4813694020352,51.34618006618528,1051.7466043033623,194.43579916170177,355.3937830507726,156.26110524359592,149.82708499238447,118.23158678738116
207,07/08/21,0.0010071903666472861,0,0,778.2018911854368,115.32422219876695,2002.0088871388564,370.1102492814849,676.4951835264707,297.44438454263434,250.039299216799,197.31107434353117
208,07/09/21,1.8459380404164163e-05,0,0,14.206525396894383,2.1053103443993963,36.903389624679384,6.822308742515851,12.46995730002711,5.48284579802091,4.421127098135935,3.488800921594854
209,07/10/21,0.001083106149136004,0,0,858.7055351011716,127.25431415036353,2133.8842353564605,394.4899702290048,721.0569427015676,317.0374952620326,272.636171051716,215.1427234983493
210,07/11/21,0.0010059162418629899,0,0,786.0944052948225,116.4938390567666,1984.099889232762,366.7994229799699,670.4435866014575,294.7835917288889,258.39031706883355,203.901031639877
211,07/12/21,0.0015697567366655986,0,0,1399.3427515940966,207.37306892334055,3123.220695441615,577.3880413702753,1055.3618273772943,464.026140700152,267.23257126510543,210.87863348306672
212,07/13/21,0.0012790126080569437,0,0,1030.7623426857813,152.7519616547562,2565.870972727708,474.35111374433745,867.0287958018849,381.21904313298324,268.21504395358005,211.65392257675447
213,07/14/21,0.0011247980899800713,0,0,981.039503796651,145.3833754493583,2149.622445637574,397.39948425154836,726.3750127265791,319.375767734718,287.8644977230731,227.15970445050937
214,07/15/21,0.0009946469862301473,0,0,917.1101395106263,135.90947889956104,1885.3290522961202,348.53971428676573,637.0681126513849,280.10891621065645,237.26715426662852,187.2323161255905
215,07/16/21,0.0009770388939675382,0,0,826.3462272526899,122.4588850325649,1908.1223223584223,352.75349321596667,644.7701451014017,283.49537979178706,228.42490007035664,180.25471428240078
216,07/17/21,0.0009942656221230534,0,0,900.5358598809162,133.45328349776173,1913.0065945146298,353.6564458436526,646.4205806264052,284.22105055917217,221.05635490679677,174.4400460797427
217,07/18/21,1.1437946530625386e-05,0,0,7.103262698447192,1.0526551721996982,21.707876249811402,4.013122789715207,7.335269000015947,3.225203410600535,4.912363442373262,3.8764454684387264
218,07/19/21,0.0014217221746248322,0,0,1291.2153082955117,191.34931796874514,2808.9991867255953,519.2980889891478,949.1838086020634,417.34132133170925,245.12693577442573,193.43462887509244
219,07/20/21,0.0008692412103931427,0,0,768.7308742541738,113.92068196916735,1696.470528922761,313.6255460162434,573.2512723512463,252.0496465384318,182.7399200562853,144.20377142592062
220,07/21/21,0.0012441125850440155,0,0,1102.5842210811918,163.39547506255317,2419.885504947726,447.3628629835027,817.6991117767776,359.52955019669463,267.72380760934277,211.2662780299106
221,07/22/21,0.0012034047995216235,0,0,1099.4272154374376,162.9276283193533,2328.1697277922726,430.4074191969559,786.7076002517102,345.9030657869074,249.54806287256167,196.92342979668732
222,07/23/21,0.0008567761772789506,0,0,722.1650410087977,107.01994250696933,1625.919931110874,300.58289694966896,549.4116481011944,241.56773545398008,246.1094084629004,194.2099179687802
223,07/24/21,3.679946000141962e-05,0,0,14.995776807832959,2.222272030199363,89.00229262422674,16.45380343783235,30.07460290006538,13.223333983462194,2.947418065423957,2.325867281063236
224,07/25/21,0.001004418284549127,0,0,868.965803443373,128.77481606576308,1913.0065945146298,353.6564458436526,646.4205806264052,284.22105055917217,267.72380760934277,211.2662780299106
225,07/26/21,0.0011619874650089781,0,0,993.6675263716683,147.2547624221578,2325.9989401672915,430.0061069179844,785.9740733517086,345.58054544584735,211.72286436628755,167.07479968970912
226,07/27/21,0.0007510994014869585,0,0,681.1239676399919,100.93793484537106,1424.0366819876278,263.2608550053176,481.19364640104607,211.5733437353951,186.1785744659466,146.91728325382775
227,07/28/21,0.0013839375952655248,0,0,1211.5009157907155,179.53618770294852,2691.776654976614,497.62722592468566,909.5733560019773,399.92522291446636,307.51395149256615,242.6654863242643
228,07/29/21,0.0026440764418337297,0,0,2356.7047130625906,349.2475937986999,5233.226266923283,967.4635765305935,1768.3499741788444,777.515912210524,476.00801756596906,375.6275658917126
229,07/30/21,0.001305174400827879,0,0,1131.7865232859192,167.7230574371519,2507.259706853217,463.51568221210636,847.2235695018418,372.5109939243618,326.1809325735845,257.39597910433145
230,07/31/21,2.5890036866119018e-05,0,0,15.785028218771537,2.3392337159993293,58.61126587449078,10.835431532231059,19.805226300043056,8.708049208621444,2.456181721186631,1.9382227342193632
231,08/01/21,0.002895683375697327,0,0,2477.4601789361927,367.1427317260948,5647.304006388436,1044.013893744411,1908.2702303541485,839.0366672677292,666.1164827858142,525.6460055202913
232,08/02/21,0.0007182852842645798,0,0,551.6867362460652,81.75621837417657,1497.8434612369867,276.90547249034927,506.1335610011003,222.5390353314369,114.94930455153431,90.70882396146621
233,08/03/21,0.0011796126814637305,0,0,867.3873006214959,128.54089269416315,2466.5574388848204,455.9910769813904,833.4699401268119,366.4637375294858,207.30173726815164,163.58599876811425
234,08/04/21,0.0014332670762833457,0,0,1179.9308593531723,174.85772027094987,2817.68233722552,520.9033381050339,952.1179162020699,418.6314026959495,338.4618411795177,267.0870927754283
235,08/05/21,0.0013819545728392946,0,0,1156.2533170250151,171.34886969695089,2771.0104032884256,512.2751241071461,936.3470878520355,411.6972153631583,263.79391685544414,208.16512165515962
236,08/06/21,0.0014357528816875212,0,0,1269.1162687892315,188.07439076634608,2811.712671256822,519.7997293378621,950.1007172270655,417.7444717580343,293.2680975096837,231.42379446579199
237,08/07/21,0.0013706164808795123,0,0,1179.9308593531723,174.85772027094987,2686.892382820406,496.72427329699974,907.9229204769738,399.19955214708125,297.68922460781965,234.91259538738683
238,08/08/21,0.0014798032319396958,0,0,1067.8571589998944,158.24916088735463,3034.761099723634,561.0345660021859,1025.4706062022294,450.8834368019548,328.6371142947712,259.3342018385508
239,08/09/21,0.0008959230113219606,0,0,815.2967074995498,120.82142143136537,1805.5526070780634,333.79148803456235,610.1109990763264,268.2562936766995,120.35290433814491,94.9729139767488
240,08/10/21,0.0008918551524973916,0,0,725.3220466525521,107.48778925016919,1788.7290029844594,330.68131787253304,604.426165601314,265.7567610334841,183.23115640052265,144.5914159727645
241,08/11/21,0.0008448011827645602,0,0,766.3631200213581,113.56979691176744,1589.55923839244,293.86091627689603,537.1250725261677,236.1655197412242,220.56511856255943,174.0524015328988
242,08/12/21,0.001930137066570014,0,0,1269.90552020017,188.19135245214605,4211.327992463412,778.5458212047502,1423.0421860030935,625.6894616565038,271.162462019004,213.9797898578177
243,08/13/21,0.0013226699958481395,0,0,1003.1385433029311,148.6583026517574,2993.5161348489924,553.409632701727,1011.533595102199,444.7555503218138,0.0,0.0
244,08/14/21,2.9040007628400827e-05,0,0,11.049519753140075,1.6374636011995307,73.26408234311349,13.544289415288823,24.75653287505382,10.885061510776806,0.0,0.0
245,08/15/21,0.0028961036166290297,0,0,2422.2125801704924,358.9554137200971,6399.481918444401,1183.068598408043,2162.4373012047013,950.7899654450378,0.0,0.0
246,08/16/21,0.0008565289574355063,0,0,565.8932616429596,83.86152871857595,1996.0392211701583,369.0066405143133,674.4779845514663,296.55745360471917,0.0,0.0
247,08/17/21,0.0007695670334693111,0,0,696.9089958587633,103.2771685613704,1663.908714548044,307.6058618316706,562.2483688512223,247.21184142253102,0.0,0.0
248,08/18/21,0.0011067133214968017,0,0,957.3619614684937,141.87452487535933,2423.684383291443,448.0651594717028,818.9827838517805,360.09396079354974,0.0,0.0
249,08/19/21,0.0010924899398257826,0,0,932.8951677293978,138.24871261556038,2400.891113229141,443.8513805425019,811.2807514017637,356.7074972124192,0.0,0.0
250,08/20/21,0.0009658189591260365,0,0,823.9784730198742,122.107999975165,2123.030297231555,392.4834088341472,717.3893082015596,315.42489355673234,0.0,0.0
251,08/21/21,3.098757469535626e-05,0,0,18.152782451587267,2.6901187733992287,73.80677924935877,13.644617485031702,24.93991460005422,10.96569159604182,0.0,0.0
252,08/22/21,0.0018372999847656765,0,0,1641.6429347522399,243.28030646393026,3987.7368670903543,737.2106564706835,1347.4889153029294,592.4698665273183,0.0,0.0
253,08/23/21,0.0005741122953782221,0,0,491.70362901473334,72.86713025337912,1260.684913207797,233.06210601271064,425.9957471759261,187.30368807062607,0.0,0.0
254,08/24/21,0.000595333182882726,0,0,602.9880779570727,89.35872795117439,1243.318612207948,229.85160778093848,420.1275319759133,184.72352534214565,0.0,0.0
255,08/25/21,0.00019668639623204783,0,0,797.1439250479626,118.13130265796613,0.0,0.0,0.0,0.0,0.0,0.0
256,08/26/21,0.0001953232231888554,0,0,791.6191651713925,117.31257085736637,0.0,0.0,0.0,0.0,0.0,0.0
257,08/27/21,0.00017584932257182098,0,0,712.6940240775349,105.61640227736973,0.0,0.0,0.0,0.0,0.0,0.0
258,08/28/21,0.00020350226144800988,0,0,824.7677244308128,122.22496166096496,0.0,0.0,0.0,0.0,0.0,0.0
259,08/29/21,4.089519129577232e-06,0,0,16.574279629710112,2.4561954017992957,0.0,0.0,0.0,0.0,0.0,0.0
260,08/30/21,0.00019337583312715195,0,0,783.7266510620068,116.14295399936671,0.0,0.0,0.0,0.0,0.0,0.0
261,08/31/21,0.0,0,0,0.0,0.0,0.0,0.0,0.0,0.0,0.0,0.0
262,09/01/21,0.0,0,0,0.0,0.0,0.0,0.0,0.0,0.0,0.0,0.0
263,09/02/21,0.0,0,0,0.0,0.0,0.0,0.0,0.0,0.0,0.0,0.0
264,09/03/21,0.0,0,0,0.0,0.0,0.0,0.0,0.0,0.0,0.0,0.0
265,09/04/21,0.0,0,0,0.0,0.0,0.0,0.0,0.0,0.0,0.0,0.0
266,09/05/21,0.0,0,0,0.0,0.0,0.0,0.0,0.0,0.0,0.0,0.0
267,09/06/21,0.0,0,0,0.0,0.0,0.0,0.0,0.0,0.0,0.0,0.0
268,09/07/21,0.0,0,0,0.0,0.0,0.0,0.0,0.0,0.0,0.0,0.0
269,09/08/21,0.0,0,0,0.0,0.0,0.0,0.0,0.0,0.0,0.0,0.0
270,09/09/21,0.0,0,0,0.0,0.0,0.0,0.0,0.0,0.0,0.0,0.0
271,09/10/21,0.0,0,0,0.0,0.0,0.0,0.0,0.0,0.0,0.0,0.0
272,09/11/21,0.0,0,0,0.0,0.0,0.0,0.0,0.0,0.0,0.0,0.0
273,09/12/21,0.0,0,0,0.0,0.0,0.0,0.0,0.0,0.0,0.0,0.0
274,09/13/21,0.0,0,0,0.0,0.0,0.0,0.0,0.0,0.0,0.0,0.0
275,09/14/21,0.0,0,0,0.0,0.0,0.0,0.0,0.0,0.0,0.0,0.0
276,09/15/21,0.0,0,0,0.0,0.0,0.0,0.0,0.0,0.0,0.0,0.0
277,09/16/21,0.0,0,0,0.0,0.0,0.0,0.0,0.0,0.0,0.0,0.0
278,09/17/21,0.0,0,0,0.0,0.0,0.0,0.0,0.0,0.0,0.0,0.0
279,09/18/21,0.0,0,0,0.0,0.0,0.0,0.0,0.0,0.0,0.0,0.0
280,09/19/21,0.0,0,0,0.0,0.0,0.0,0.0,0.0,0.0,0.0,0.0
281,09/20/21,0.0,0,0,0.0,0.0,0.0,0.0,0.0,0.0,0.0,0.0
282,09/21/21,0.0,0,0,0.0,0.0,0.0,0.0,0.0,0.0,0.0,0.0
283,09/22/21,0.0,0,0,0.0,0.0,0.0,0.0,0.0,0.0,0.0,0.0
284,09/23/21,0.0,0,0,0.0,0.0,0.0,0.0,0.0,0.0,0.0,0.0
285,09/24/21,0.0,0,0,0.0,0.0,0.0,0.0,0.0,0.0,0.0,0.0
286,09/25/21,0.0,0,0,0.0,0.0,0.0,0.0,0.0,0.0,0.0,0.0
287,09/26/21,0.0,0,0,0.0,0.0,0.0,0.0,0.0,0.0,0.0,0.0
288,09/27/21,0.0,0,0,0.0,0.0,0.0,0.0,0.0,0.0,0.0,0.0
289,09/28/21,0.0,0,0,0.0,0.0,0.0,0.0,0.0,0.0,0.0,0.0
290,09/29/21,0.0,0,0,0.0,0.0,0.0,0.0,0.0,0.0,0.0,0.0
291,09/30/21,0.0,0,0,0.0,0.0,0.0,0.0,0.0,0.0,0.0,0.0
292,10/01/21,0.0,0,0,0.0,0.0,0.0,0.0,0.0,0.0,0.0,0.0
293,10/02/21,0.0,0,0,0.0,0.0,0.0,0.0,0.0,0.0,0.0,0.0
294,10/03/21,0.0,0,0,0.0,0.0,0.0,0.0,0.0,0.0,0.0,0.0
295,10/04/21,0.0,0,0,0.0,0.0,0.0,0.0,0.0,0.0,0.0,0.0
296,10/05/21,0.0,0,0,0.0,0.0,0.0,0.0,0.0,0.0,0.0,0.0
297,10/06/21,0.0,0,0,0.0,0.0,0.0,0.0,0.0,0.0,0.0,0.0
298,10/07/21,0.0,0,0,0.0,0.0,0.0,0.0,0.0,0.0,0.0,0.0
299,10/08/21,0.0,0,0,0.0,0.0,0.0,0.0,0.0,0.0,0.0,0.0
300,10/09/21,0.0,0,0,0.0,0.0,0.0,0.0,0.0,0.0,0.0,0.0
301,10/10/21,0.0,0,0,0.0,0.0,0.0,0.0,0.0,0.0,0.0,0.0
302,10/11/21,0.0,0,0,0.0,0.0,0.0,0.0,0.0,0.0,0.0,0.0
303,10/12/21,0.0,0,0,0.0,0.0,0.0,0.0,0.0,0.0,0.0,0.0
304,10/13/21,0.0,0,0,0.0,0.0,0.0,0.0,0.0,0.0,0.0,0.0
305,10/14/21,0.0,0,0,0.0,0.0,0.0,0.0,0.0,0.0,0.0,0.0
306,10/15/21,0.0,0,0,0.0,0.0,0.0,0.0,0.0,0.0,0.0,0.0
307,10/16/21,0.0,0,0,0.0,0.0,0.0,0.0,0.0,0.0,0.0,0.0
308,10/17/21,0.0,0,0,0.0,0.0,0.0,0.0,0.0,0.0,0.0,0.0
309,10/18/21,0.0,0,0,0.0,0.0,0.0,0.0,0.0,0.0,0.0,0.0
310,10/19/21,0.0,0,0,0.0,0.0,0.0,0.0,0.0,0.0,0.0,0.0
311,10/20/21,0.0,0,0,0.0,0.0,0.0,0.0,0.0,0.0,0.0,0.0
312,10/21/21,0.0,0,0,0.0,0.0,0.0,0.0,0.0,0.0,0.0,0.0
313,10/22/21,0.0,0,0,0.0,0.0,0.0,0.0,0.0,0.0,0.0,0.0
314,10/23/21,0.0,0,0,0.0,0.0,0.0,0.0,0.0,0.0,0.0,0.0
315,10/24/21,0.0,0,0,0.0,0.0,0.0,0.0,0.0,0.0,0.0,0.0
316,10/25/21,0.0,0,0,0.0,0.0,0.0,0.0,0.0,0.0,0.0,0.0
317,10/26/21,0.0,0,0,0.0,0.0,0.0,0.0,0.0,0.0,0.0,0.0
318,10/27/21,0.0,0,0,0.0,0.0,0.0,0.0,0.0,0.0,0.0,0.0
319,10/28/21,0.0,0,0,0.0,0.0,0.0,0.0,0.0,0.0,0.0,0.0
320,10/29/21,0.0,0,0,0.0,0.0,0.0,0.0,0.0,0.0,0.0,0.0
321,10/30/21,0.0012717393735948435,0,0,225.72590352843298,33.45104213879041,2366.158511229443,437.43038407895756,799.5443210017381,351.54717175545835,952.5072714761753,751.642776330269
322,10/31/21,0.0016986248278137233,0,0,438.03453307091013,64.91373561898139,3329.988216721069,615.6130359423128,1125.2302646024461,494.7462031861221,1026.1927231117743,809.78945835685
323,11/01/21,0.0009188673711084919,0,0,216.25488659717004,32.047501909190814,1824.004301890403,337.20264240582026,616.3459777263399,270.99771657570994,547.2372874803813,431.8360251840741
324,11/02/21,0.0007047131619324421,0,0,184.68483015962698,27.369034477192155,1372.4804758943258,253.72968837974395,463.77238252600824,203.91348563521882,432.287982928847,341.12720122260794
325,11/03/21,0.0011252501582208474,0,0,289.6552678144577,42.924938688587694,2092.639270481819,386.8650369285459,707.1199316015372,310.90960878189156,785.9781507797218,620.2312749501963
326,11/04/21,0.0010153464629706042,0,0,314.1220615535536,46.55075094838666,2585.950758258783,478.063252324824,873.8139196268996,384.20235628778875,23.579344523391654,18.606938248505887
327,11/05/21,0.0005124028640997305,0,0,139.6974997361281,20.702218386594065,1330.692814113439,246.00442700954218,449.65198970097754,197.7049690698128,0.0,0.0
328,11/06/21,0.0009345689961892732,0,0,237.56467469251163,35.205467425789905,2438.8798966663107,450.8743454245035,824.1174721517916,362.35160318097013,0.0,0.0
329,11/07/21,0.0010355280558854616,0,0,270.71323395193184,40.1178582293885,2697.2036240390667,498.63050662211447,911.4071732519814,400.73152376711647,0.0,0.0
330,11/08/21,0.0012760298102506029,0,0,380.41918007239406,56.37553255558384,3291.4567363776537,608.4897429905682,1112.2101621274178,489.02146713230616,0.0,0.0
331,11/09/21,0.00023523849104098183,0,0,112.07370035327791,16.60855938359524,577.9722051512285,106.84939427616737,195.30153712542457,85.87104080723924,0.0,0.0
332,11/10/21,8.140090457920394e-05,0,0,329.9070897723251,48.889984664385985,0.0,0.0,0.0,0.0,0.0,0.0
333,11/11/21,7.516925638175293e-05,0,0,304.65104462229067,45.14721071878706,0.0,0.0,0.0,0.0,0.0,0.0
334,11/12/21,1.947390061703444e-07,0,0,0.7892514109385769,0.11696168579996648,0.0,0.0,0.0,0.0,0.0,0.0
335,11/13/21,9.736950308517218e-07,0,0,3.946257054692884,0.5848084289998323,0.0,0.0,0.0,0.0,0.0,0.0
336,11/14/21,0.00016299654816457823,0,0,660.6034309555888,97.89693101457193,0.0,0.0,0.0,0.0,0.0,0.0
337,11/15/21,0.0,0,0,0.0,0.0,0.0,0.0,0.0,0.0,0.0,0.0
338,11/16/21,0.0,0,0,0.0,0.0,0.0,0.0,0.0,0.0,0.0,0.0
339,11/17/21,0.0,0,0,0.0,0.0,0.0,0.0,0.0,0.0,0.0,0.0
340,11/18/21,0.0,0,0,0.0,0.0,0.0,0.0,0.0,0.0,0.0,0.0
341,11/19/21,0.0018756703043189163,0,0,445.9270471802959,66.08335247698106,3941.607630059505,728.6827705425387,1331.9014686778955,585.6163092797922,910.2609458717653,718.305345301696
342,11/20/21,0.0015124311404882585,0,0,438.03453307091013,64.91373561898139,3129.1903614103135,578.4916501374471,1057.3790263522988,464.91307163806715,729.4859711924294,575.6521520631509
343,11/21/21,0.0015226744462107952,0,0,522.4844340413379,77.4286359995778,3195.3993839722384,590.7316746460784,1079.7515968023474,474.74994204039876,640.080956541236,505.10084453756605
344,11/22/21,0.0012740493888917187,0,0,279.3949994722562,41.40443677318813,2791.6328857257463,516.0875907573756,943.3155934020507,414.7611586032288,526.6053610224136,415.5549542166315
345,11/23/21,0.0011336481642159584,0,0,176.7923160502412,26.19941761919249,2463.843954353594,455.48943663267596,832.55303150181,366.06058710316074,533.4826698417362,420.9819778724457
346,11/24/21,0.0021741197179539562,0,0,1697.6797849288787,251.5845861557279,4109.3009740892985,759.6841440930887,1388.5664217030187,610.5310056266812,726.5385531270053,573.3262847820877
347,11/25/21,0.0,0,0,0.0,0.0,0.0,0.0,0.0,0.0,0.0,0.0
348,11/26/21,0.0,0,0,0.0,0.0,0.0,0.0,0.0,0.0,0.0,0.0
349,11/27/21,0.0,0,0,0.0,0.0,0.0,0.0,0.0,0.0,0.0,0.0
350,11/28/21,0.0,0,0,0.0,0.0,0.0,0.0,0.0,0.0,0.0,0.0
351,11/29/21,0.002100690425717199,0,0,509.85641146632065,75.55724902677834,5498.605054077228,1016.5240026348619,1858.0236377040392,816.9440239051155,0.0,0.0
352,11/30/21,0.0,0,0,0.0,0.0,0.0,0.0,0.0,0.0,0.0,0.0
353,12/01/21,0.0,0,0,0.0,0.0,0.0,0.0,0.0,0.0,0.0,0.0
354,12/02/21,0.0,0,0,0.0,0.0,0.0,0.0,0.0,0.0,0.0,0.0
355,12/03/21,0.0012059666315605343,0,0,414.3569907427528,61.4048850449824,2540.9069150404243,469.73602253616497,858.5932364518666,377.51005921079263,497.13118036817406,392.29628140599914
356,12/04/21,0.0021274535440174713,0,0,375.6836716067626,55.67376244078404,4888.613731457527,903.7552522438646,1651.9025788035913,726.3158080672405,725.5560804385307,572.5509956883999
357,12/05/21,0.0019904323844697476,0,0,329.11783836138653,48.77302297858602,4691.072057584244,867.2358348574562,1585.151630903446,696.9664570307756,583.5887769539435,460.5217216505207
358,12/06/21,0.0010905713586807596,0,0,235.98617187063448,34.97154405418998,2609.2867252273304,482.37735932376785,881.6993338019167,387.6694499541843,247.58311749561238,195.37285160931182
359,12/07/21,0.0007753468645767443,0,0,129.4372313939266,19.181716471194502,2069.846000419517,382.651257999345,699.4178991515205,307.523145200761,0.0,0.0
360,12/08/21,0.025224704765118632,0,0,98036.07475832438,14528.278839957036,2882.8059659749542,532.9427064741794,974.1237232021177,428.30701292775103,0.0,0.0
361,12/09/21,0.00020895495362077953,0,0,846.866763937093,125.49988886336402,0.0,0.0,0.0,0.0,0.0,0.0
362,12/10/21,0.0021792321208583517,0,0,1913.1454201151103,283.5151263791187,4034.408801027449,745.8388704685711,1363.2597436529636,599.4040538601095,671.5200825724248,529.9100955355739
363,12/11/21,0.002528245023238755,0,0,2188.5941625326736,324.334754723307,4916.833970582283,908.9723118704943,1661.438428503612,730.5085725010211,578.1851771673329,456.2576316352381
364,12/12/21,0.0012610238219025588,0,0,2107.301267206,312.2877010859105,2063.333637544574,381.4473211624304,697.2173184515157,306.55558417758084,0.0,0.0
365,12/13/21,0.00046367357369158995,0,0,1879.2076094447514,278.4857738897202,0.0,0.0,0.0,0.0,0.0,0.0
366,12/14/21,0.00022609198616376983,0,0,916.3208880996877,135.79251721376107,0.0,0.0,0.0,0.0,0.0,0.0
367,12/15/21,0.00027458199870018557,0,0,1112.8444894233933,164.91597697795274,0.0,0.0,0.0,0.0,0.0,0.0
368,12/16/21,0.0,0,0,0.0,0.0,0.0,0.0,0.0,0.0,0.0,0.0
369,12/17/21,0.0021196217033793148,0,0,1694.5227792851244,251.116739412528,4135.893122495318,764.6002195104898,1397.552126228038,614.481879804667,561.9743778075011,443.46536158939034
370,12/18/21,0.002384518242060996,0,0,1721.357327257036,255.09343672972688,4703.5540864278855,869.5433804615424,1589.3694105784552,698.820948991871,703.450444947851,555.1069910804257
371,12/19/21,0.0024903287650624825,0,0,1936.8229624432674,287.0239769531177,4834.886737739244,893.8227733393194,1633.7477880285517,718.3334296260042,717.6962989307335,566.3486829388979
372,12/20/21,0.0014975096639888044,0,0,1862.6333298150414,276.0295784879209,2838.847516569086,524.8161328250062,959.2698034770854,421.775976021285,47.64992539102064,37.60152104385565
373,12/21/21,0.0008750828288420182,0,0,1270.6947716111088,188.308314137946,1563.5097868926662,289.0451689292378,528.3227497261486,232.29527564850355,0.0,0.0
374,12/22/21,0.00039434648749494736,0,0,1598.234107150618,236.8474137449321,0.0,0.0,0.0,0.0,0.0,0.0
375,12/23/21,0.00017915988567671683,0,0,726.1112980634907,107.60475093596915,0.0,0.0,0.0,0.0,0.0,0.0
376,12/24/21,0.0024652865335060654,0,0,2487.720447278394,368.66323364149434,5016.147504425169,927.3323486334414,1694.9972841786848,745.2638781045187,129.6863948786541,102.33816036678238
377,12/25/21,3.040459671360921e-05,0,0,10.260268342201499,1.5205019153995643,77.60565759307576,14.346913973231864,26.22358667505701,11.530102192896912,0.0,0.0
378,12/26/21,7.796463451641635e-06,0,0,0.7892514109385769,0.11696168579996648,21.165179343566116,3.9127947199723265,7.1518872750155476,3.1445733253355215,0.0,0.0
379,12/27/21,0.0015325903917108752,0,0,3628.977987495576,537.7898313082459,1774.0761865158368,327.9724599894753,599.4748590263032,263.5797487313287,0.0,0.0
380,12/28/21,8.334829464090739e-05,0,0,337.7996038817109,50.05960152238565,0.0,0.0,0.0,0.0,0.0,0.0
381,12/29/21,0.00034644069197704267,0,0,1404.078260059728,208.07483903814037,0.0,0.0,0.0,0.0,0.0,0.0
382,12/30/21,0.0003106087148416993,0,0,1258.85600044703,186.55388885094652,0.0,0.0,0.0,0.0,0.0,0.0
383,12/31/21,0.0029367655980354966,0,0,3283.2858695044797,486.5606129278605,5423.1701841091335,1002.5784009406016,1832.533577928984,805.7364420532787,465.20081799274783,367.0993858611474
384,01/01/22,2.2554209691301288e-05,0,0,7.103262698447192,1.0526551721996982,53.184296812037935,9.832150834802256,17.971409050039068,7.901748355971311,4.421127098135935,3.488800921594854
385,01/02/22,0.0,0,0,0.0,0.0,0.0,0.0,0.0,0.0,0.0,0.0
386,01/03/22,0.004378384545617147,0,0,4469.530740145161,662.3540266852101,8308.146937709069,1535.9224196937525,2807.390828031103,1234.3659753220898,758.4689155024315,598.5231803269394
387,01/04/22,0.0004373443438852898,0,0,299.1262847457206,44.328478918187294,912.2734993983241,168.65148523778157,308.26467972567013,135.5391733304875,93.33490540509196,73.6524639003358
388,01/05/22,0.001822699548678931,0,0,2429.3158428689394,360.0080688922968,3405.965783595409,629.6589657063159,1150.903706102502,506.03441512322394,0.0,0.0
389,01/06/22,0.0012960719200951394,0,0,3140.431364124597,465.3905477980666,1451.1715272998922,268.27725849246156,490.36273265106604,215.60484799864577,0.0,0.0
390,01/07/22,0.0004720473509569148,0,0,1913.1454201151103,283.5151263791187,0.0,0.0,0.0,0.0,0.0,0.0
391,01/08/22,0.002439650490259825,0,0,3363.000262009276,498.37374319365716,4148.375151338959,766.907765114576,1401.7699059030474,616.3363717657622,311.9350785907021,246.15428724585914
392,01/09/22,0.002663168192465817,0,0,4000.715402047646,592.87878532003,4323.666252056186,799.3137316415263,1461.002203078176,642.3798893063615,320.28609644273666,252.74424454220497
393,01/10/22,0.0015718909227301406,0,0,2308.5603769953373,342.1129309649019,2673.8676570705193,494.3163996231706,903.5217590769643,397.2644301007209,109.0544684206864,86.05708939933973
394,01/11/22,0.0009236234648805049,0,0,1241.4924694063814,183.98073176334725,1718.7211020788177,317.7389968757015,580.7699230762626,255.35548003429736,0.0,0.0
395,01/12/22,0.001963996310445432,0,0,2506.66248114092,371.47031410069354,3746.2367438112024,692.5646654351018,1265.884047677752,556.5894785843874,0.0,0.0
396,01/13/22,0.0006958024690466405,0,0,2819.995291283535,417.9041033632802,0.0,0.0,0.0,0.0,0.0,0.0
397,01/14/22,0.00016650185027564443,0,0,674.8099563524831,100.00224135897133,0.0,0.0,0.0,0.0,0.0,0.0
398,01/15/22,0.0023221139264043514,0,0,2563.4885827284975,379.8915554782911,4354.599975712167,805.0324316168704,1471.454961403199,646.9758041664674,326.67216891782186,257.78362365117533
399,01/16/22,0.002631951193828535,0,0,3359.8432563655215,497.90589645045725,4644.942820553395,858.7079489293113,1569.564184278412,690.1128997832495,350.25151344121355,276.3905618996812
400,01/17/22,0.0015271399791063104,0,0,2186.2264082998577,323.98386966590715,2587.0361520712736,478.2639084643098,874.1806830769004,384.36361645831875,152.2832667135711,120.16980952160053
401,01/18/22,0.0010205411028351233,0,0,1338.5703929518263,198.36701911674314,1775.1615803283273,328.17311612896106,599.841622476304,263.7410089018588,137.05494004221399,108.15282856944047
402,01/19/22,0.0014193666143859681,0,0,891.0648429496532,132.04974326816216,3034.218402817389,560.934237932443,1025.2872244772288,450.8028067166898,285.4083160018865,225.22148171629001
403,01/20/22,0.001052383774149864,0,0,999.1922862482382,148.07349422275755,2079.6145447319323,384.4571632547168,702.7187702015277,308.9744867355313,153.26573940204577,120.94509861528827
404,01/21/22,0.0,0,0,0.0,0.0,0.0,0.0,0.0,0.0,0.0,0.0
405,01/22/22,0.00209308603664753,0,0,2217.796464737401,328.6623370979058,4032.238013402468,745.4375581895996,1362.526216752962,599.0815335190493,253.9691899706976,200.41223071828216
406,01/23/22,0.0018097177042140083,0,0,2083.623724877843,308.7788505119115,3607.3063358124095,666.8806795809245,1218.93832607765,535.948176756544,0.0,0.0
407,01/24/22,0.001191300531494,0,0,1854.7408157056555,274.8599616299212,2042.7111551072528,377.63485451220095,690.2488129015005,303.49164093751034,0.0,0.0
408,01/25/22,0.0002761399107495484,0,0,1119.158500710902,165.85167046435245,0.0,0.0,0.0,0.0,0.0,0.0
409,01/26/22,0.00028081364689763657,0,0,1138.1005345734277,168.65875092355165,0.0,0.0,0.0,0.0,0.0,0.0
410,01/27/22,0.00012696983202306454,0,0,514.5919199319521,76.25901914157814,0.0,0.0,0.0,0.0,0.0,0.0
411,01/28/22,0.0,0,0,0.0,0.0,0.0,0.0,0.0,0.0,0.0,0.0
412,01/29/22,0.001606092070105357,0,0,1808.964233871218,268.07618385352316,3229.046592159446,596.952014970137,1091.121263752372,479.7490073268296,0.0,0.0
413,01/30/22,0.0013333716471486308,0,0,1955.7649963057934,289.8310574123169,2368.871995760669,437.93202442767193,800.4612296267402,351.9503221817834,0.0,0.0
414,01/31/22,0.0008742433370211541,0,0,1537.4617485083477,227.8413639383347,1377.9074449567786,254.73296907717275,465.6061997760122,204.71978648786896,0.0,0.0
415,02/01/22,0.0002451764087684636,0,0,993.6675263716683,147.2547624221578,0.0,0.0,0.0,0.0,0.0,0.0
416,02/02/22,0.00028918742416296137,0,0,1172.0383452437866,173.6881034129502,0.0,0.0,0.0,0.0,0.0,0.0
417,02/03/22,0.00023037624429951743,0,0,933.6844191403364,138.36567430136034,0.0,0.0,0.0,0.0,0.0,0.0
418,02/04/22,0.0,0,0,0.0,0.0,0.0,0.0,0.0,0.0,0.0,0.0
419,02/05/22,0.0002268709421884512,0,0,919.477893743442,136.26036395696093,0.0,0.0,0.0,0.0,0.0,0.0
420,02/06/22,0.0003927885754455846,0,0,1591.9200958631095,235.91172025853237,0.0,0.0,0.0,0.0,0.0,0.0
421,02/07/22,0.00018792314095438233,0,0,761.6276115557266,112.86802679696764,0.0,0.0,0.0,0.0,0.0,0.0
422,02/08/22,9.65905470604908e-05,0,0,391.4686998255341,58.01299615678337,0.0,0.0,0.0,0.0,0.0,0.0
423,02/09/22,0.00015637542195478653,0,0,633.7688829836771,93.92023369737308,0.0,0.0,0.0,0.0,0.0,0.0
424,02/10/22,8.237459961005568e-05,0,0,333.853346827018,49.47479309338582,0.0,0.0,0.0,0.0,0.0,0.0
425,02/11/22,0.0,0,0,0.0,0.0,0.0,0.0,0.0,0.0,0.0,0.0
426,02/12/22,0.0011340486154333797,0,0,1204.3976530922682,178.48353253074885,2186.5258352622536,404.2217929940642,738.8449700266062,324.8586135327389,134.10752197679003,105.82696128837723
427,02/13/22,0.0010927782245141757,0,0,1264.3807603236,187.3726206515463,2053.022396325913,379.5410878373157,693.7330656765081,305.0236125575456,112.98435917458501,89.15824577409072
428,02/14/22,0.00021869464401711036,0,0,810.5611990339185,120.11965131656557,0.0,0.0,0.0,0.0,48.63239807949529,38.376810137543394
429,02/15/22,7.069025923983502e-05,0,0,286.4982621707034,42.45709194538783,0.0,0.0,0.0,0.0,0.0,0.0
430,02/16/22,0.0,0,0,0.0,0.0,0.0,0.0,0.0,0.0,0.0,0.0
431,02/17/22,0.0,0,0,0.0,0.0,0.0,0.0,0.0,0.0,0.0,0.0
432,02/18/22,0.0,0,0,0.0,0.0,0.0,0.0,0.0,0.0,0.0,0.0
433,02/19/22,0.0008764271427089095,0,0,921.0563965653191,136.4942873285609,1663.3660176417986,307.5055337619277,562.0649871262219,247.131211337266,134.59875832102736,106.2146058352211
434,02/20/22,0.0001738854550429217,0,0,585.624546916424,86.78557086357512,10.311241218660415,1.9062333251147232,3.4842527750075747,1.5319716200352542,66.80814281627636,52.71965837076668
435,02/21/22,0.00011824951800106148,0,0,434.08827601621726,64.32892718998156,0.0,0.0,0.0,0.0,28.982944310002242,22.871028263788485
436,02/22/22,5.238479265982264e-05,0,0,212.30862954247718,31.462693480190982,0.0,0.0,0.0,0.0,0.0,0.0
437,02/23/22,0.0,0,0,0.0,0.0,0.0,0.0,0.0,0.0,0.0,0.0
438,02/24/22,0.0,0,0,0.0,0.0,0.0,0.0,0.0,0.0,0.0,0.0
439,02/25/22,0.0,0,0,0.0,0.0,0.0,0.0,0.0,0.0,0.0,0.0
440,02/26/22,0.000750533239004151,0,0,598.2525694914412,88.65695783637459,1479.391766424647,273.49431811909136,499.89858235108676,219.79761243242646,186.1785744659466,146.91728325382775
441,02/27/22,0.0007322601859895807,0,0,917.1101395106263,135.90947889956104,1304.6433626136652,241.18867966188392,440.84966690095837,193.83472497709215,97.26479615899058,76.75362027508679
442,02/28/22,0.0003469832545620246,0,0,464.86908104282173,68.89043293618025,607.8205349947192,112.3674381120258,205.3875320004465,90.30569549681498,36.35148947356213,28.685696466446576
443,03/01/22,0.0002988819006759541,0,0,296.7585305129049,43.977593860787394,522.0744238079642,96.51560309265072,176.4132194503835,77.56614202494286,99.22974153593988,78.30419846246228
444,03/02/22,0.0002550499087768002,0,0,561.1577531773281,83.15975860377617,242.5855170916424,44.84664717506744,81.97163107517821,36.04164811346098,76.63286970102288,60.47254930764414
445,03/03/22,0.0002165150538692014,0,0,695.3304930368862,103.04324518977046,0.0,0.0,0.0,0.0,116.91424992848363,92.25940214884169
446,03/04/22,0.0008559786950552262,0,0,3456.9211799109667,512.2921838038532,0.0,0.0,0.0,0.0,7.859781507797218,6.202312749501963
447,03/05/22,9.094311588155083e-05,0,0,368.5804089083154,54.621107268584346,0.0,0.0,0.0,0.0,0.0,0.0
448,03/06/22,7.380608333856052e-05,0,0,299.1262847457206,44.328478918187294,0.0,0.0,0.0,0.0,0.0,0.0
449,03/07/22,6.231648197451019e-05,0,0,252.56045150034458,37.42773945598927,0.0,0.0,0.0,0.0,0.0,0.0
450,03/08/22,4.147940831428336e-05,0,0,168.11055052991688,24.91283907539286,0.0,0.0,0.0,0.0,0.0,0.0
451,03/09/22,5.8032223838762625e-05,0,0,235.1969204596959,34.854582368390005,0.0,0.0,0.0,0.0,0.0,0.0
452,03/10/22,0.0,0,0,0.0,0.0,0.0,0.0,0.0,0.0,0.0,0.0
453,03/11/22,0.0,0,0,0.0,0.0,0.0,0.0,0.0,0.0,0.0,0.0
454,03/12/22,0.0,0,0,0.0,0.0,0.0,0.0,0.0,0.0,0.0,0.0
455,03/13/22,0.0,0,0,0.0,0.0,0.0,0.0,0.0,0.0,0.0,0.0
456,03/14/22,0.0,0,0,0.0,0.0,0.0,0.0,0.0,0.0,0.0,0.0
457,03/15/22,0.0,0,0,0.0,0.0,0.0,0.0,0.0,0.0,0.0,0.0
458,03/16/22,0.0,0,0,0.0,0.0,0.0,0.0,0.0,0.0,0.0,0.0
459,03/17/22,0.0,0,0,0.0,0.0,0.0,0.0,0.0,0.0,0.0,0.0
460,03/18/22,0.0,0,0,0.0,0.0,0.0,0.0,0.0,0.0,0.0,0.0
461,03/19/22,0.0001571543779794679,0,0,636.9258886274315,94.38808044057295,0.0,0.0,0.0,0.0,0.0,0.0
462,03/20/22,0.0,0,0,0.0,0.0,0.0,0.0,0.0,0.0,0.0,0.0
463,03/21/22,0.0,0,0,0.0,0.0,0.0,0.0,0.0,0.0,0.0,0.0
464,03/22/22,0.0,0,0,0.0,0.0,0.0,0.0,0.0,0.0,0.0,0.0
465,03/23/22,0.0,0,0,0.0,0.0,0.0,0.0,0.0,0.0,0.0,0.0
466,03/24/22,0.0,0,0,0.0,0.0,0.0,0.0,0.0,0.0,0.0,0.0
467,03/25/22,0.0,0,0,0.0,0.0,0.0,0.0,0.0,0.0,0.0,0.0
468,03/26/22,0.0,0,0,0.0,0.0,0.0,0.0,0.0,0.0,0.0,0.0
469,03/27/22,0.0,0,0,0.0,0.0,0.0,0.0,0.0,0.0,0.0,0.0
470,03/28/22,0.0,0,0,0.0,0.0,0.0,0.0,0.0,0.0,0.0,0.0
471,03/29/22,0.0,0,0,0.0,0.0,0.0,0.0,0.0,0.0,0.0,0.0
472,03/30/22,0.0,0,0,0.0,0.0,0.0,0.0,0.0,0.0,0.0,0.0
473,03/31/22,0.0,0,0,0.0,0.0,0.0,0.0,0.0,0.0,0.0,0.0
474,04/01/22,0.0,0,0,0.0,0.0,0.0,0.0,0.0,0.0,0.0,0.0
475,04/02/22,0.0,0,0,0.0,0.0,0.0,0.0,0.0,0.0,0.0,0.0
476,04/03/22,0.0,0,0,0.0,0.0,0.0,0.0,0.0,0.0,0.0,0.0
477,04/04/22,0.0,0,0,0.0,0.0,0.0,0.0,0.0,0.0,0.0,0.0
478,04/05/22,0.0,0,0,0.0,0.0,0.0,0.0,0.0,0.0,0.0,0.0
479,04/06/22,0.0,0,0,0.0,0.0,0.0,0.0,0.0,0.0,0.0,0.0
480,04/07/22,0.0,0,0,0.0,0.0,0.0,0.0,0.0,0.0,0.0,0.0
481,04/08/22,0.0,0,0,0.0,0.0,0.0,0.0,0.0,0.0,0.0,0.0
482,04/09/22,0.0,0,0,0.0,0.0,0.0,0.0,0.0,0.0,0.0,0.0
483,04/10/22,0.0,0,0,0.0,0.0,0.0,0.0,0.0,0.0,0.0,0.0
484,04/11/22,0.0,0,0,0.0,0.0,0.0,0.0,0.0,0.0,0.0,0.0
485,04/12/22,0.0,0,0,0.0,0.0,0.0,0.0,0.0,0.0,0.0,0.0
486,04/13/22,0.0,0,0,0.0,0.0,0.0,0.0,0.0,0.0,0.0,0.0
487,04/14/22,0.0,0,0,0.0,0.0,0.0,0.0,0.0,0.0,0.0,0.0
488,04/15/22,0.0,0,0,0.0,0.0,0.0,0.0,0.0,0.0,0.0,0.0
489,04/16/22,2.570554881448546e-05,0,0,104.18118624389214,15.438942525595575,0.0,0.0,0.0,0.0,0.0,0.0
490,04/17/22,1.5773859499797895e-05,0,0,63.92936428602472,9.473896549797285,0.0,0.0,0.0,0.0,0.0,0.0
491,04/18/22,1.772124956150134e-05,0,0,71.8218783954105,10.643513407796949,0.0,0.0,0.0,0.0,0.0,0.0
492,04/19/22,3.505302111066199e-06,0,0,14.206525396894383,2.1053103443993963,0.0,0.0,0.0,0.0,0.0,0.0
493,04/20/22,0.0,0,0,0.0,0.0,0.0,0.0,0.0,0.0,0.0,0.0
494,04/21/22,0.0,0,0,0.0,0.0,0.0,0.0,0.0,0.0,0.0,0.0
495,04/22/22,0.0,0,0,0.0,0.0,0.0,0.0,0.0,0.0,0.0,0.0
496,04/23/22,3.096350198108476e-05,0,0,125.49097433923372,18.59690804219467,0.0,0.0,0.0,0.0,0.0,0.0
497,04/24/22,3.154771899959579e-05,0,0,127.85872857204944,18.94779309959457,0.0,0.0,0.0,0.0,0.0,0.0
498,04/25/22,1.4410686456605483e-05,0,0,58.404604409454684,8.65516474919752,0.0,0.0,0.0,0.0,0.0,0.0
499,04/26/22,8.373777265324809e-06,0,0,33.9378106703588,5.029352489398558,0.0,0.0,0.0,0.0,0.0,0.0
500,04/27/22,2.3368680740441326e-05,0,0,94.71016931262922,14.035402295995977,0.0,0.0,0.0,0.0,0.0,0.0
501,04/28/22,3.505302111066199e-05,0,0,142.06525396894384,21.053103443993965,0.0,0.0,0.0,0.0,0.0,0.0
502,04/29/22,7.030078122749432e-05,0,0,284.91975934882623,42.223168573787895,0.0,0.0,0.0,0.0,0.0,0.0
503,04/30/22,1.2268557388731696e-05,0,0,49.72283888913034,7.368586205397888,0.0,0.0,0.0,0.0,0.0,0.0
504,05/01/22,0.0,0,0,0.0,0.0,0.0,0.0,0.0,0.0,0.0,0.0
505,05/02/22,0.0,0,0,0.0,0.0,0.0,0.0,0.0,0.0,0.0,0.0
506,05/03/22,0.0,0,0,0.0,0.0,0.0,0.0,0.0,0.0,0.0,0.0
507,05/04/22,0.0,0,0,0.0,0.0,0.0,0.0,0.0,0.0,0.0,0.0
508,05/05/22,0.0,0,0,0.0,0.0,0.0,0.0,0.0,0.0,0.0,0.0
509,05/06/22,0.0,0,0,0.0,0.0,0.0,0.0,0.0,0.0,0.0,0.0
510,05/07/22,0.0,0,0,0.0,0.0,0.0,0.0,0.0,0.0,0.0,0.0
511,05/08/22,0.0,0,0,0.0,0.0,0.0,0.0,0.0,0.0,0.0,0.0
512,05/09/22,0.0,0,0,0.0,0.0,0.0,0.0,0.0,0.0,0.0,0.0
513,05/10/22,0.0,0,0,0.0,0.0,0.0,0.0,0.0,0.0,0.0,0.0
514,05/11/22,0.0,0,0,0.0,0.0,0.0,0.0,0.0,0.0,0.0,0.0
515,05/12/22,0.0,0,0,0.0,0.0,0.0,0.0,0.0,0.0,0.0,0.0
516,05/13/22,0.0,0,0,0.0,0.0,0.0,0.0,0.0,0.0,0.0,0.0
517,05/14/22,0.0,0,0,0.0,0.0,0.0,0.0,0.0,0.0,0.0,0.0
518,05/15/22,0.0,0,0,0.0,0.0,0.0,0.0,0.0,0.0,0.0,0.0
519,05/16/22,0.0,0,0,0.0,0.0,0.0,0.0,0.0,0.0,0.0,0.0
520,05/17/22,0.0,0,0,0.0,0.0,0.0,0.0,0.0,0.0,0.0,0.0
521,05/18/22,0.0,0,0,0.0,0.0,0.0,0.0,0.0,0.0,0.0,0.0
522,05/19/22,0.0,0,0,0.0,0.0,0.0,0.0,0.0,0.0,0.0,0.0
523,05/20/22,0.0,0,0,0.0,0.0,0.0,0.0,0.0,0.0,0.0,0.0
524,05/21/22,0.00013980152619787843,0,0,140.48675114706668,20.819180072394033,147.07086159247226,27.188906900320525,49.69644747510804,21.850753106818626,136.07246735373934,107.37753947575273
525,05/22/22,0.00023280864854481313,0,0,423.0387562630772,62.69146358878203,0.0,0.0,0.0,0.0,334.0407140813818,263.5982918538334
526,05/23/22,3.505302111066199e-05,0,0,142.06525396894384,21.053103443993965,0.0,0.0,0.0,0.0,0.0,0.0
527,05/24/22,3.388458707363993e-05,0,0,137.32974550331238,20.351333329194166,0.0,0.0,0.0,0.0,0.0,0.0
528,05/25/22,7.224817128919777e-05,0,0,292.812273458212,43.39278543178756,0.0,0.0,0.0,0.0,0.0,0.0
529,05/26/22,9.17220719062322e-05,0,0,371.7374145520697,55.08895401178421,0.0,0.0,0.0,0.0,0.0,0.0
530,05/27/22,5.082688061045988e-05,0,0,205.99461825496854,30.52699999379125,0.0,0.0,0.0,0.0,0.0,0.0
531,05/28/22,5.102161961663023e-05,0,0,206.78386966590713,30.643961679591214,0.0,0.0,0.0,0.0,0.0,0.0
532,05/29/22,5.842170185110331e-07,0,0,2.3677542328157304,0.3508850573998994,0.0,0.0,0.0,0.0,0.0,0.0
533,05/30/22,7.789560246813776e-07,0,0,3.1570056437543075,0.4678467431998659,0.0,0.0,0.0,0.0,0.0,0.0
534,05/31/22,0.0,0,0,0.0,0.0,0.0,0.0,0.0,0.0,0.0,0.0
535,06/01/22,9.717476407900184e-05,0,0,393.83645405834983,58.36388121418327,0.0,0.0,0.0,0.0,0.0,0.0
536,06/02/22,1.3047513413413074e-05,0,0,52.87984453288465,7.8364329485977535,0.0,0.0,0.0,0.0,0.0,0.0
537,06/03/22,0.0,0,0,0.0,0.0,0.0,0.0,0.0,0.0,0.0,0.0
538,06/04/22,0.00022942406263989874,0,0,259.66371419879175,38.48039462818897,313.67881180977474,57.98962431138474,105.99463705023042,46.60418928317773,137.05494004221399,108.15282856944047
539,06/05/22,3.076876297491441e-05,0,0,124.70172292829514,18.479946356394702,0.0,0.0,0.0,0.0,0.0,0.0
540,06/06/22,2.531607080214477e-05,0,0,102.60268342201499,15.205019153995641,0.0,0.0,0.0,0.0,0.0,0.0
541,06/07/22,2.0837073660226848e-05,0,0,84.44990097042772,12.514900380596412,0.0,0.0,0.0,0.0,0.0,0.0
542,06/08/22,4.089519129577232e-05,0,0,165.74279629710114,24.56195401799296,0.0,0.0,0.0,0.0,0.0,0.0
543,06/09/22,3.3495109061299234e-05,0,0,135.7512426814352,20.117409957594234,0.0,0.0,0.0,0.0,0.0,0.0
544,06/10/22,1.596859850596824e-05,0,0,64.7186156969633,9.590858235597251,0.0,0.0,0.0,0.0,0.0,0.0
545,06/11/22,0.0002944633773012218,0,0,220.99039506280153,32.74927202399061,498.19575993317164,92.101168023964,168.34442355036597,74.01841827328228,158.66933918865635,125.20918863057086
546,06/12/22,0.0003232525565936376,0,0,504.3316515897506,74.73851722617857,553.5508443701907,102.33463113773777,187.04935950040664,82.24268697031364,0.0,0.0
547,06/13/22,5.2994675439873155e-05,0,0,100.23492918919926,14.854134096595741,78.69105140556633,14.547570112717624,26.590350125057807,11.69136236342694,0.0,0.0
548,06/14/22,1.5384381487457205e-05,0,0,62.35086146414757,9.239973178197351,0.0,0.0,0.0,0.0,0.0,0.0
549,06/15/22,2.0642334654056504e-05,0,0,83.66064955948914,12.397938694796446,0.0,0.0,0.0,0.0,0.0,0.0
550,06/16/22,0.0,0,0,0.0,0.0,0.0,0.0,0.0,0.0,0.0,0.0
551,06/17/22,0.0,0,0,0.0,0.0,0.0,0.0,0.0,0.0,0.0,0.0
552,06/18/22,0.0,0,0,0.0,0.0,0.0,0.0,0.0,0.0,0.0,0.0
553,06/19/22,0.0,0,0,0.0,0.0,0.0,0.0,0.0,0.0,0.0,0.0
554,06/20/22,0.0,0,0,0.0,0.0,0.0,0.0,0.0,0.0,0.0,0.0
555,06/21/22,0.0,0,0,0.0,0.0,0.0,0.0,0.0,0.0,0.0,0.0
556,06/22/22,0.0,0,0,0.0,0.0,0.0,0.0,0.0,0.0,0.0,0.0
557,06/23/22,0.0,0,0,0.0,0.0,0.0,0.0,0.0,0.0,0.0,0.0
558,06/24/22,0.0,0,0,0.0,0.0,0.0,0.0,0.0,0.0,0.0,0.0
559,06/25/22,0.0,0,0,0.0,0.0,0.0,0.0,0.0,0.0,0.0,0.0
560,06/26/22,0.0,0,0,0.0,0.0,0.0,0.0,0.0,0.0,0.0,0.0
561,06/27/22,0.0,0,0,0.0,0.0,0.0,0.0,0.0,0.0,0.0,0.0
562,06/28/22,0.0,0,0,0.0,0.0,0.0,0.0,0.0,0.0,0.0,0.0
563,06/29/22,0.0,0,0,0.0,0.0,0.0,0.0,0.0,0.0,0.0,0.0
564,06/30/22,0.0,0,0,0.0,0.0,0.0,0.0,0.0,0.0,0.0,0.0
565,07/01/22,0.0,0,0,0.0,0.0,0.0,0.0,0.0,0.0,0.0,0.0
566,07/02/22,0.0,0,0,0.0,0.0,0.0,0.0,0.0,0.0,0.0,0.0
567,07/03/22,0.0,0,0,0.0,0.0,0.0,0.0,0.0,0.0,0.0,0.0
568,07/04/22,0.0,0,0,0.0,0.0,0.0,0.0,0.0,0.0,0.0,0.0
569,07/05/22,0.0,0,0,0.0,0.0,0.0,0.0,0.0,0.0,0.0,0.0
570,07/06/22,0.0006584833324998316,0,0,605.3558321898885,89.70961300857428,1129.3522618964382,208.78271313493363,381.61736972582963,167.79120743649284,269.1975166420547,212.4292116704422
571,07/07/22,0.0,0,0,0.0,0.0,0.0,0.0,0.0,0.0,0.0,0.0
572,07/08/22,0.0,0,0,0.0,0.0,0.0,0.0,0.0,0.0,0.0,0.0
573,07/09/22,0.0,0,0,0.0,0.0,0.0,0.0,0.0,0.0,0.0,0.0
574,07/10/22,0.0,0,0,0.0,0.0,0.0,0.0,0.0,0.0,0.0,0.0
575,07/11/22,0.0,0,0,0.0,0.0,0.0,0.0,0.0,0.0,0.0,0.0
576,07/12/22,0.0,0,0,0.0,0.0,0.0,0.0,0.0,0.0,0.0,0.0
577,07/13/22,0.0006449289252818521,0,0,912.3746310449948,135.20770878476125,1114.6994454278154,206.07385525187587,376.66606315081884,165.61419513433748,50.59734345644459,39.92738832491889
578,07/14/22,0.0,0,0,0.0,0.0,0.0,0.0,0.0,0.0,0.0,0.0
579,07/15/22,0.0,0,0,0.0,0.0,0.0,0.0,0.0,0.0,0.0,0.0
580,07/16/22,0.0,0,0,0.0,0.0,0.0,0.0,0.0,0.0,0.0,0.0
581,07/17/22,0.0,0,0,0.0,0.0,0.0,0.0,0.0,0.0,0.0,0.0
582,07/18/22,0.0,0,0,0.0,0.0,0.0,0.0,0.0,0.0,0.0,0.0
583,07/19/22,0.0,0,0,0.0,0.0,0.0,0.0,0.0,0.0,0.0,0.0
584,07/20/22,0.0009508103938253177,0,0,1498.7884293723573,222.11024133413633,1393.645655237892,257.6424830997163,470.9242698010238,207.05805896055435,209.26668264510093,165.13657695548974
585,07/21/22,0.0,0,0,0.0,0.0,0.0,0.0,0.0,0.0,0.0,0.0
586,07/22/22,0.0,0,0,0.0,0.0,0.0,0.0,0.0,0.0,0.0,0.0
587,07/23/22,0.0,0,0,0.0,0.0,0.0,0.0,0.0,0.0,0.0,0.0
588,07/24/22,0.0,0,0,0.0,0.0,0.0,0.0,0.0,0.0,0.0,0.0
589,07/25/22,0.0,0,0,0.0,0.0,0.0,0.0,0.0,0.0,0.0,0.0
590,07/26/22,0.0,0,0,0.0,0.0,0.0,0.0,0.0,0.0,0.0,0.0
591,07/27/22,0.000748496844908492,0,0,1449.8548418941657,214.8586168145384,728.2992481811725,134.64026959494518,246.098274950535,108.20557442564795,336.0056594583311,265.1488700412089
592,07/28/22,0.0,0,0,0.0,0.0,0.0,0.0,0.0,0.0,0.0,0.0
593,07/29/22,0.0,0,0,0.0,0.0,0.0,0.0,0.0,0.0,0.0,0.0
594,07/30/22,0.0,0,0,0.0,0.0,0.0,0.0,0.0,0.0,0.0,0.0
595,07/31/22,0.0,0,0,0.0,0.0,0.0,0.0,0.0,0.0,0.0,0.0
596,08/01/22,0.0,0,0,0.0,0.0,0.0,0.0,0.0,0.0,0.0,0.0
597,08/02/22,0.0,0,0,0.0,0.0,0.0,0.0,0.0,0.0,0.0,0.0
598,08/03/22,0.0003916992030910212,0,0,1198.0836418047597,177.5478390443491,215.99336868562344,39.93057175766631,72.98592655015867,32.090773935475326,48.14116173525796,37.98916559069952
599,08/04/22,0.0,0,0,0.0,0.0,0.0,0.0,0.0,0.0,0.0,0.0
600,08/05/22,0.0,0,0,0.0,0.0,0.0,0.0,0.0,0.0,0.0,0.0
601,08/06/22,0.0,0,0,0.0,0.0,0.0,0.0,0.0,0.0,0.0,0.0
602,08/07/22,0.0,0,0,0.0,0.0,0.0,0.0,0.0,0.0,0.0,0.0
603,08/08/22,0.0,0,0,0.0,0.0,0.0,0.0,0.0,0.0,0.0,0.0
604,08/09/22,0.0,0,0,0.0,0.0,0.0,0.0,0.0,0.0,0.0,0.0
605,08/10/22,0.0009744337069972772,0,0,1521.6767202895762,225.50213022233535,1667.707592891761,308.30815831987076,563.5320409262251,247.7762520193861,0.0,0.0
606,08/11/22,0.0,0,0,0.0,0.0,0.0,0.0,0.0,0.0,0.0,0.0
607,08/12/22,0.0,0,0,0.0,0.0,0.0,0.0,0.0,0.0,0.0,0.0
608,08/13/22,0.0,0,0,0.0,0.0,0.0,0.0,0.0,0.0,0.0,0.0
609,08/14/22,0.0,0,0,0.0,0.0,0.0,0.0,0.0,0.0,0.0,0.0
610,08/15/22,0.0,0,0,0.0,0.0,0.0,0.0,0.0,0.0,0.0,0.0
611,08/16/22,0.0,0,0,0.0,0.0,0.0,0.0,0.0,0.0,0.0,0.0
612,08/17/22,0.0002517975349782552,0,0,1020.5020743435798,151.23145973935664,0.0,0.0,0.0,0.0,0.0,0.0
613,08/18/22,0.0,0,0,0.0,0.0,0.0,0.0,0.0,0.0,0.0,0.0
614,08/19/22,0.0,0,0,0.0,0.0,0.0,0.0,0.0,0.0,0.0,0.0
615,08/20/22,0.0,0,0,0.0,0.0,0.0,0.0,0.0,0.0,0.0,0.0
616,08/21/22,0.0,0,0,0.0,0.0,0.0,0.0,0.0,0.0,0.0,0.0
617,08/22/22,0.0,0,0,0.0,0.0,0.0,0.0,0.0,0.0,0.0,0.0
618,08/23/22,0.0,0,0,0.0,0.0,0.0,0.0,0.0,0.0,0.0,0.0
619,08/24/22,0.00015871229002883066,0,0,643.2398999149401,95.32377392697268,0.0,0.0,0.0,0.0,0.0,0.0
620,08/25/22,0.0,0,0,0.0,0.0,0.0,0.0,0.0,0.0,0.0,0.0
621,08/26/22,0.0,0,0,0.0,0.0,0.0,0.0,0.0,0.0,0.0,0.0
622,08/27/22,0.0,0,0,0.0,0.0,0.0,0.0,0.0,0.0,0.0,0.0
623,08/28/22,0.0,0,0,0.0,0.0,0.0,0.0,0.0,0.0,0.0,0.0
624,08/29/22,0.0,0,0,0.0,0.0,0.0,0.0,0.0,0.0,0.0,0.0
625,08/30/22,0.0,0,0,0.0,0.0,0.0,0.0,0.0,0.0,0.0,0.0
626,08/31/22,0.00024746120406944643,0,0,366.21265467549966,54.270222211184446,437.41370643369976,80.86442421276142,147.80567035032132,64.98784872360078,0.0,0.0
627,09/01/22,0.0,0,0,0.0,0.0,0.0,0.0,0.0,0.0,0.0,0.0
628,09/02/22,0.0,0,0,0.0,0.0,0.0,0.0,0.0,0.0,0.0,0.0
629,09/03/22,0.0,0,0,0.0,0.0,0.0,0.0,0.0,0.0,0.0,0.0
630,09/04/22,0.0,0,0,0.0,0.0,0.0,0.0,0.0,0.0,0.0,0.0
631,09/05/22,0.0,0,0,0.0,0.0,0.0,0.0,0.0,0.0,0.0,0.0
632,09/06/22,0.0,0,0,0.0,0.0,0.0,0.0,0.0,0.0,0.0,0.0
633,09/07/22,0.00028076714866023437,0,0,164.16429347522399,24.328030646393028,628.9857143382853,116.28023283199812,212.53941927546205,93.4502688221505,37.333962162036784,29.460985560134322
634,09/08/22,0.0,0,0,0.0,0.0,0.0,0.0,0.0,0.0,0.0,0.0
635,09/09/22,0.0,0,0,0.0,0.0,0.0,0.0,0.0,0.0,0.0,0.0
636,09/10/22,0.0,0,0,0.0,0.0,0.0,0.0,0.0,0.0,0.0,0.0
637,09/11/22,0.0,0,0,0.0,0.0,0.0,0.0,0.0,0.0,0.0,0.0
638,09/12/22,0.0,0,0,0.0,0.0,0.0,0.0,0.0,0.0,0.0,0.0
639,09/13/22,0.0,0,0,0.0,0.0,0.0,0.0,0.0,0.0,0.0,0.0
640,09/14/22,0.0007534872057650592,0,0,199.68060696745994,29.59130650739152,1502.185036486949,277.7080970482923,507.6006148011035,223.18407601355702,428.3580921749484,338.02604484785695
641,09/15/22,0.0,0,0,0.0,0.0,0.0,0.0,0.0,0.0,0.0,0.0
642,09/16/22,0.0,0,0,0.0,0.0,0.0,0.0,0.0,0.0,0.0,0.0
643,09/17/22,0.0,0,0,0.0,0.0,0.0,0.0,0.0,0.0,0.0,0.0
644,09/18/22,0.0,0,0,0.0,0.0,0.0,0.0,0.0,0.0,0.0,0.0
645,09/19/22,0.0,0,0,0.0,0.0,0.0,0.0,0.0,0.0,0.0,0.0
646,09/20/22,0.0,0,0,0.0,0.0,0.0,0.0,0.0,0.0,0.0,0.0
647,09/21/22,0.001767340499209849,0,0,656.6571739008959,97.31212258557211,3503.108529813315,647.6176901902915,1183.7290348775734,520.4672003856614,902.8924007082054,712.490677099038
648,09/22/22,0.0,0,0,0.0,0.0,0.0,0.0,0.0,0.0,0.0,0.0
649,09/23/22,0.0,0,0,0.0,0.0,0.0,0.0,0.0,0.0,0.0,0.0
650,09/24/22,0.0,0,0,0.0,0.0,0.0,0.0,0.0,0.0,0.0,0.0
651,09/25/22,0.0,0,0,0.0,0.0,0.0,0.0,0.0,0.0,0.0,0.0
652,09/26/22,0.0,0,0,0.0,0.0,0.0,0.0,0.0,0.0,0.0,0.0
653,09/27/22,0.0,0,0,0.0,0.0,0.0,0.0,0.0,0.0,0.0,0.0
654,09/28/22,0.002916806318866792,0,0,931.3166649075207,138.01478924396045,6066.808714916041,1121.5674916556575,2050.0243037794567,901.3637231775846,1321.4257659984073,1042.7638310100174
655,09/29/22,0.0,0,0,0.0,0.0,0.0,0.0,0.0,0.0,0.0,0.0
656,09/30/22,0.0,0,0,0.0,0.0,0.0,0.0,0.0,0.0,0.0,0.0
657,10/01/22,0.0,0,0,0.0,0.0,0.0,0.0,0.0,0.0,0.0,0.0
658,10/02/22,0.0,0,0,0.0,0.0,0.0,0.0,0.0,0.0,0.0,0.0
659,10/03/22,0.0,0,0,0.0,0.0,0.0,0.0,0.0,0.0,0.0,0.0
660,10/04/22,0.0,0,0,0.0,0.0,0.0,0.0,0.0,0.0,0.0,0.0
661,10/05/22,0.0012610593335002616,0,0,210.73012672060003,31.22877010859105,3366.348909439503,622.3350166150857,1137.516840177473,500.148418898878,0.0,0.0
662,10/06/22,0.0,0,0,0.0,0.0,0.0,0.0,0.0,0.0,0.0,0.0
663,10/07/22,0.0,0,0,0.0,0.0,0.0,0.0,0.0,0.0,0.0,0.0
664,10/08/22,0.0,0,0,0.0,0.0,0.0,0.0,0.0,0.0,0.0,0.0
665,10/09/22,0.0,0,0,0.0,0.0,0.0,0.0,0.0,0.0,0.0,0.0
666,10/10/22,0.0,0,0,0.0,0.0,0.0,0.0,0.0,0.0,0.0,0.0
667,10/11/22,0.0,0,0,0.0,0.0,0.0,0.0,0.0,0.0,0.0,0.0
668,10/12/22,3.60267161415137e-05,0,0,146.0115110236367,21.637911872993797,0.0,0.0,0.0,0.0,0.0,0.0
669,10/13/22,0.0,0,0,0.0,0.0,0.0,0.0,0.0,0.0,0.0,0.0
670,10/14/22,0.0,0,0,0.0,0.0,0.0,0.0,0.0,0.0,0.0,0.0
671,10/15/22,0.0,0,0,0.0,0.0,0.0,0.0,0.0,0.0,0.0,0.0
672,10/16/22,0.0,0,0,0.0,0.0,0.0,0.0,0.0,0.0,0.0,0.0
673,10/17/22,0.0,0,0,0.0,0.0,0.0,0.0,0.0,0.0,0.0,0.0
674,10/18/22,0.0,0,0,0.0,0.0,0.0,0.0,0.0,0.0,0.0,0.0
675,10/19/22,3.505302111066199e-06,0,0,14.206525396894383,2.1053103443993963,0.0,0.0,0.0,0.0,0.0,0.0
676,10/20/22,0.0,0,0,0.0,0.0,0.0,0.0,0.0,0.0,0.0,0.0
677,10/21/22,0.0,0,0,0.0,0.0,0.0,0.0,0.0,0.0,0.0,0.0
678,10/22/22,0.0,0,0,0.0,0.0,0.0,0.0,0.0,0.0,0.0,0.0
679,10/23/22,0.0,0,0,0.0,0.0,0.0,0.0,0.0,0.0,0.0,0.0
680,10/24/22,0.0,0,0,0.0,0.0,0.0,0.0,0.0,0.0,0.0,0.0
681,10/25/22,0.0,0,0,0.0,0.0,0.0,0.0,0.0,0.0,0.0,0.0
682,10/26/22,0.001090484989828206,0,0,312.5435587316764,46.31682757678672,2821.481215569237,521.605634593234,953.4015882770726,419.19581329280453,0.0,0.0
683,10/27/22,0.0,0,0,0.0,0.0,0.0,0.0,0.0,0.0,0.0,0.0
684,10/28/22,0.0,0,0,0.0,0.0,0.0,0.0,0.0,0.0,0.0,0.0
685,10/29/22,0.0,0,0,0.0,0.0,0.0,0.0,0.0,0.0,0.0,0.0
686,10/30/22,0.0,0,0,0.0,0.0,0.0,0.0,0.0,0.0,0.0,0.0
687,10/31/22,0.0,0,0,0.0,0.0,0.0,0.0,0.0,0.0,0.0,0.0
688,11/01/22,0.0,0,0,0.0,0.0,0.0,0.0,0.0,0.0,0.0,0.0
689,11/02/22,0.0017363778859381806,0,0,574.575027163284,85.14810726237559,4439.803389992677,820.7839385665027,1500.2458922282615,659.6347275530744,0.0,0.0
690,11/03/22,0.0,0,0,0.0,0.0,0.0,0.0,0.0,0.0,0.0,0.0
691,11/04/22,0.0,0,0,0.0,0.0,0.0,0.0,0.0,0.0,0.0,0.0
692,11/05/22,0.0,0,0,0.0,0.0,0.0,0.0,0.0,0.0,0.0,0.0
693,11/06/22,0.0,0,0,0.0,0.0,0.0,0.0,0.0,0.0,0.0,0.0
694,11/07/22,0.0,0,0,0.0,0.0,0.0,0.0,0.0,0.0,0.0,0.0
695,11/08/22,0.0,0,0,0.0,0.0,0.0,0.0,0.0,0.0,0.0,0.0
696,11/09/22,0.0006131342618128776,0,0,318.85757001918506,47.25252106318646,1488.0749169245717,275.0995672349774,502.83268995109313,221.08769379666668,0.0,0.0
697,11/10/22,0.0,0,0,0.0,0.0,0.0,0.0,0.0,0.0,0.0,0.0
698,11/11/22,0.0,0,0,0.0,0.0,0.0,0.0,0.0,0.0,0.0,0.0
699,11/12/22,0.0,0,0,0.0,0.0,0.0,0.0,0.0,0.0,0.0,0.0
700,11/13/22,0.0,0,0,0.0,0.0,0.0,0.0,0.0,0.0,0.0,0.0
701,11/14/22,0.0,0,0,0.0,0.0,0.0,0.0,0.0,0.0,0.0,0.0
702,11/15/22,0.0,0,0,0.0,0.0,0.0,0.0,0.0,0.0,0.0,0.0
703,11/16/22,0.0006977773722407325,0,0,97.86717495638352,14.503249039195843,1875.560507983705,346.7338090313939,633.7672416013778,278.6575746758862,0.0,0.0
704,11/17/22,0.0,0,0,0.0,0.0,0.0,0.0,0.0,0.0,0.0,0.0
705,11/18/22,0.0,0,0,0.0,0.0,0.0,0.0,0.0,0.0,0.0,0.0
706,11/19/22,0.0,0,0,0.0,0.0,0.0,0.0,0.0,0.0,0.0,0.0
707,11/20/22,0.0,0,0,0.0,0.0,0.0,0.0,0.0,0.0,0.0,0.0
708,11/21/22,0.0,0,0,0.0,0.0,0.0,0.0,0.0,0.0,0.0,0.0
709,11/22/22,0.0,0,0,0.0,0.0,0.0,0.0,0.0,0.0,0.0,0.0
710,11/23/22,0.0,0,0,0.0,0.0,0.0,0.0,0.0,0.0,0.0,0.0
711,11/24/22,0.0,0,0,0.0,0.0,0.0,0.0,0.0,0.0,0.0,0.0
712,11/25/22,0.0,0,0,0.0,0.0,0.0,0.0,0.0,0.0,0.0,0.0
713,11/26/22,0.0,0,0,0.0,0.0,0.0,0.0,0.0,0.0,0.0,0.0
714,11/27/22,0.0,0,0,0.0,0.0,0.0,0.0,0.0,0.0,0.0,0.0
715,11/28/22,0.0,0,0,0.0,0.0,0.0,0.0,0.0,0.0,0.0,0.0
716,11/29/22,0.0,0,0,0.0,0.0,0.0,0.0,0.0,0.0,0.0,0.0
717,11/30/22,0.0,0,0,0.0,0.0,0.0,0.0,0.0,0.0,0.0,0.0
718,12/01/22,0.0,0,0,0.0,0.0,0.0,0.0,0.0,0.0,0.0,0.0
719,12/02/22,0.0,0,0,0.0,0.0,0.0,0.0,0.0,0.0,0.0,0.0
720,12/03/22,0.0,0,0,0.0,0.0,0.0,0.0,0.0,0.0,0.0,0.0
721,12/04/22,0.0,0,0,0.0,0.0,0.0,0.0,0.0,0.0,0.0,0.0
722,12/05/22,0.0,0,0,0.0,0.0,0.0,0.0,0.0,0.0,0.0,0.0
723,12/06/22,0.0,0,0,0.0,0.0,0.0,0.0,0.0,0.0,0.0,0.0
724,12/07/22,0.0,0,0,0.0,0.0,0.0,0.0,0.0,0.0,0.0,0.0
725,12/08/22,0.0,0,0,0.0,0.0,0.0,0.0,0.0,0.0,0.0,0.0
726,12/09/22,0.0,0,0,0.0,0.0,0.0,0.0,0.0,0.0,0.0,0.0
727,12/10/22,0.0,0,0,0.0,0.0,0.0,0.0,0.0,0.0,0.0,0.0
728,12/11/22,0.0,0,0,0.0,0.0,0.0,0.0,0.0,0.0,0.0,0.0
729,12/12/22,0.0,0,0,0.0,0.0,0.0,0.0,0.0,0.0,0.0,0.0
730,12/13/22,0.0,0,0,0.0,0.0,0.0,0.0,0.0,0.0,0.0,0.0
731,12/14/22,0.0,0,0,0.0,0.0,0.0,0.0,0.0,0.0,0.0,0.0
732,12/15/22,0.0,0,0,0.0,0.0,0.0,0.0,0.0,0.0,0.0,0.0
733,12/16/22,0.0,0,0,0.0,0.0,0.0,0.0,0.0,0.0,0.0,0.0
734,12/17/22,0.0,0,0,0.0,0.0,0.0,0.0,0.0,0.0,0.0,0.0
735,12/18/22,0.0,0,0,0.0,0.0,0.0,0.0,0.0,0.0,0.0,0.0
736,12/19/22,0.0,0,0,0.0,0.0,0.0,0.0,0.0,0.0,0.0,0.0
737,12/20/22,0.0,0,0,0.0,0.0,0.0,0.0,0.0,0.0,0.0,0.0
738,12/21/22,0.0,0,0,0.0,0.0,0.0,0.0,0.0,0.0,0.0,0.0
739,12/22/22,0.0,0,0,0.0,0.0,0.0,0.0,0.0,0.0,0.0,0.0
740,12/23/22,0.0,0,0,0.0,0.0,0.0,0.0,0.0,0.0,0.0,0.0
741,12/24/22,0.0,0,0,0.0,0.0,0.0,0.0,0.0,0.0,0.0,0.0
742,12/25/22,0.0,0,0,0.0,0.0,0.0,0.0,0.0,0.0,0.0,0.0
743,12/26/22,0.0,0,0,0.0,0.0,0.0,0.0,0.0,0.0,0.0,0.0
744,12/27/22,0.0,0,0,0.0,0.0,0.0,0.0,0.0,0.0,0.0,0.0
745,12/28/22,0.0,0,0,0.0,0.0,0.0,0.0,0.0,0.0,0.0,0.0
746,12/29/22,0.0,0,0,0.0,0.0,0.0,0.0,0.0,0.0,0.0,0.0
747,12/30/22,0.0,0,0,0.0,0.0,0.0,0.0,0.0,0.0,0.0,0.0
748,12/31/22,0.0,0,0,0.0,0.0,0.0,0.0,0.0,0.0,0.0,0.0
749,01/01/23,0.0,0,0,0.0,0.0,0.0,0.0,0.0,0.0,0.0,0.0
750,01/02/23,0.0,0,0,0.0,0.0,0.0,0.0,0.0,0.0,0.0,0.0
751,01/03/23,0.0,0,0,0.0,0.0,0.0,0.0,0.0,0.0,0.0,0.0
752,01/04/23,0.0,0,0,0.0,0.0,0.0,0.0,0.0,0.0,0.0,0.0
753,01/05/23,0.0,0,0,0.0,0.0,0.0,0.0,0.0,0.0,0.0,0.0
754,01/06/23,0.0,0,0,0.0,0.0,0.0,0.0,0.0,0.0,0.0,0.0
755,01/07/23,0.0,0,0,0.0,0.0,0.0,0.0,0.0,0.0,0.0,0.0
756,01/08/23,0.0,0,0,0.0,0.0,0.0,0.0,0.0,0.0,0.0,0.0
757,01/09/23,0.0,0,0,0.0,0.0,0.0,0.0,0.0,0.0,0.0,0.0
758,01/10/23,0.0,0,0,0.0,0.0,0.0,0.0,0.0,0.0,0.0,0.0
759,01/11/23,7.069025923983502e-05,0,0,286.4982621707034,42.45709194538783,0.0,0.0,0.0,0.0,0.0,0.0
760,01/12/23,0.0,0,0,0.0,0.0,0.0,0.0,0.0,0.0,0.0,0.0
761,01/13/23,0.0,0,0,0.0,0.0,0.0,0.0,0.0,0.0,0.0,0.0
762,01/14/23,0.0,0,0,0.0,0.0,0.0,0.0,0.0,0.0,0.0,0.0
763,01/15/23,0.0,0,0,0.0,0.0,0.0,0.0,0.0,0.0,0.0,0.0
764,01/16/23,0.0,0,0,0.0,0.0,0.0,0.0,0.0,0.0,0.0,0.0
765,01/17/23,0.0,0,0,0.0,0.0,0.0,0.0,0.0,0.0,0.0,0.0
766,01/18/23,0.0,0,0,0.0,0.0,0.0,0.0,0.0,0.0,0.0,0.0
767,01/19/23,0.0,0,0,0.0,0.0,0.0,0.0,0.0,0.0,0.0,0.0
768,01/20/23,0.0,0,0,0.0,0.0,0.0,0.0,0.0,0.0,0.0,0.0
769,01/21/23,0.0,0,0,0.0,0.0,0.0,0.0,0.0,0.0,0.0,0.0
770,01/22/23,0.0,0,0,0.0,0.0,0.0,0.0,0.0,0.0,0.0,0.0
771,01/23/23,0.0,0,0,0.0,0.0,0.0,0.0,0.0,0.0,0.0,0.0
772,01/24/23,0.0,0,0,0.0,0.0,0.0,0.0,0.0,0.0,0.0,0.0
773,01/25/23,0.0,0,0,0.0,0.0,0.0,0.0,0.0,0.0,0.0,0.0
774,01/26/23,0.0,0,0,0.0,0.0,0.0,0.0,0.0,0.0,0.0,0.0
775,01/27/23,0.0,0,0,0.0,0.0,0.0,0.0,0.0,0.0,0.0,0.0
776,01/28/23,0.0,0,0,0.0,0.0,0.0,0.0,0.0,0.0,0.0,0.0
777,01/29/23,0.0,0,0,0.0,0.0,0.0,0.0,0.0,0.0,0.0,0.0
778,01/30/23,0.0,0,0,0.0,0.0,0.0,0.0,0.0,0.0,0.0,0.0
779,01/31/23,0.0,0,0,0.0,0.0,0.0,0.0,0.0,0.0,0.0,0.0
780,02/01/23,0.0,0,0,0.0,0.0,0.0,0.0,0.0,0.0,0.0,0.0
781,02/02/23,0.0,0,0,0.0,0.0,0.0,0.0,0.0,0.0,0.0,0.0
782,02/03/23,0.0,0,0,0.0,0.0,0.0,0.0,0.0,0.0,0.0,0.0
783,02/04/23,0.0,0,0,0.0,0.0,0.0,0.0,0.0,0.0,0.0,0.0
784,02/05/23,0.0,0,0,0.0,0.0,0.0,0.0,0.0,0.0,0.0,0.0
785,02/06/23,0.0,0,0,0.0,0.0,0.0,0.0,0.0,0.0,0.0,0.0
786,02/07/23,0.0,0,0,0.0,0.0,0.0,0.0,0.0,0.0,0.0,0.0
787,02/08/23,0.0,0,0,0.0,0.0,0.0,0.0,0.0,0.0,0.0,0.0
788,02/09/23,0.0,0,0,0.0,0.0,0.0,0.0,0.0,0.0,0.0,0.0
789,02/10/23,0.0,0,0,0.0,0.0,0.0,0.0,0.0,0.0,0.0,0.0
790,02/11/23,0.0,0,0,0.0,0.0,0.0,0.0,0.0,0.0,0.0,0.0
791,02/12/23,0.0,0,0,0.0,0.0,0.0,0.0,0.0,0.0,0.0,0.0
792,02/13/23,0.0,0,0,0.0,0.0,0.0,0.0,0.0,0.0,0.0,0.0
793,02/14/23,0.0,0,0,0.0,0.0,0.0,0.0,0.0,0.0,0.0,0.0
794,02/15/23,0.0,0,0,0.0,0.0,0.0,0.0,0.0,0.0,0.0,0.0
795,02/16/23,0.0,0,0,0.0,0.0,0.0,0.0,0.0,0.0,0.0,0.0
796,02/17/23,0.0,0,0,0.0,0.0,0.0,0.0,0.0,0.0,0.0,0.0
797,02/18/23,0.0,0,0,0.0,0.0,0.0,0.0,0.0,0.0,0.0,0.0
798,02/19/23,0.0,0,0,0.0,0.0,0.0,0.0,0.0,0.0,0.0,0.0
799,02/20/23,0.0,0,0,0.0,0.0,0.0,0.0,0.0,0.0,0.0,0.0
800,02/21/23,0.0,0,0,0.0,0.0,0.0,0.0,0.0,0.0,0.0,0.0
801,02/22/23,0.0,0,0,0.0,0.0,0.0,0.0,0.0,0.0,0.0,0.0
802,02/23/23,0.0,0,0,0.0,0.0,0.0,0.0,0.0,0.0,0.0,0.0
803,02/24/23,0.0,0,0,0.0,0.0,0.0,0.0,0.0,0.0,0.0,0.0
804,02/25/23,0.0,0,0,0.0,0.0,0.0,0.0,0.0,0.0,0.0,0.0
805,02/26/23,0.0,0,0,0.0,0.0,0.0,0.0,0.0,0.0,0.0,0.0
806,02/27/23,0.0,0,0,0.0,0.0,0.0,0.0,0.0,0.0,0.0,0.0
807,02/28/23,0.0,0,0,0.0,0.0,0.0,0.0,0.0,0.0,0.0,0.0
808,03/01/23,0.0,0,0,0.0,0.0,0.0,0.0,0.0,0.0,0.0,0.0
809,03/02/23,0.0,0,0,0.0,0.0,0.0,0.0,0.0,0.0,0.0,0.0
810,03/03/23,0.0,0,0,0.0,0.0,0.0,0.0,0.0,0.0,0.0,0.0
811,03/04/23,0.0,0,0,0.0,0.0,0.0,0.0,0.0,0.0,0.0,0.0
812,03/05/23,0.0,0,0,0.0,0.0,0.0,0.0,0.0,0.0,0.0,0.0
813,03/06/23,0.0,0,0,0.0,0.0,0.0,0.0,0.0,0.0,0.0,0.0
814,03/07/23,0.0,0,0,0.0,0.0,0.0,0.0,0.0,0.0,0.0,0.0
815,03/08/23,0.0,0,0,0.0,0.0,0.0,0.0,0.0,0.0,0.0,0.0
816,03/09/23,0.0,0,0,0.0,0.0,0.0,0.0,0.0,0.0,0.0,0.0
817,03/10/23,0.0,0,0,0.0,0.0,0.0,0.0,0.0,0.0,0.0,0.0
818,03/11/23,0.0,0,0,0.0,0.0,0.0,0.0,0.0,0.0,0.0,0.0
819,03/12/23,0.0,0,0,0.0,0.0,0.0,0.0,0.0,0.0,0.0,0.0
820,03/13/23,0.0,0,0,0.0,0.0,0.0,0.0,0.0,0.0,0.0,0.0
821,03/14/23,0.0,0,0,0.0,0.0,0.0,0.0,0.0,0.0,0.0,0.0
822,03/15/23,0.0,0,0,0.0,0.0,0.0,0.0,0.0,0.0,0.0,0.0
823,03/16/23,0.0,0,0,0.0,0.0,0.0,0.0,0.0,0.0,0.0,0.0
824,03/17/23,0.0,0,0,0.0,0.0,0.0,0.0,0.0,0.0,0.0,0.0
825,03/18/23,0.0,0,0,0.0,0.0,0.0,0.0,0.0,0.0,0.0,0.0
826,03/19/23,0.0,0,0,0.0,0.0,0.0,0.0,0.0,0.0,0.0,0.0
827,03/20/23,0.0,0,0,0.0,0.0,0.0,0.0,0.0,0.0,0.0,0.0
828,03/21/23,0.0,0,0,0.0,0.0,0.0,0.0,0.0,0.0,0.0,0.0
829,03/22/23,0.0,0,0,0.0,0.0,0.0,0.0,0.0,0.0,0.0,0.0
830,03/23/23,0.0,0,0,0.0,0.0,0.0,0.0,0.0,0.0,0.0,0.0
831,03/24/23,0.0,0,0,0.0,0.0,0.0,0.0,0.0,0.0,0.0,0.0
832,03/25/23,0.0,0,0,0.0,0.0,0.0,0.0,0.0,0.0,0.0,0.0
833,03/26/23,0.0,0,0,0.0,0.0,0.0,0.0,0.0,0.0,0.0,0.0
834,03/27/23,0.0,0,0,0.0,0.0,0.0,0.0,0.0,0.0,0.0,0.0
835,03/28/23,0.0,0,0,0.0,0.0,0.0,0.0,0.0,0.0,0.0,0.0
836,03/29/23,0.0,0,0,0.0,0.0,0.0,0.0,0.0,0.0,0.0,0.0
837,03/30/23,0.0,0,0,0.0,0.0,0.0,0.0,0.0,0.0,0.0,0.0
838,03/31/23,0.0,0,0,0.0,0.0,0.0,0.0,0.0,0.0,0.0,0.0
839,04/01/23,0.0,0,0,0.0,0.0,0.0,0.0,0.0,0.0,0.0,0.0
840,04/02/23,0.0,0,0,0.0,0.0,0.0,0.0,0.0,0.0,0.0,0.0
841,04/03/23,0.0,0,0,0.0,0.0,0.0,0.0,0.0,0.0,0.0,0.0
842,04/04/23,0.0,0,0,0.0,0.0,0.0,0.0,0.0,0.0,0.0,0.0
843,04/05/23,0.0,0,0,0.0,0.0,0.0,0.0,0.0,0.0,0.0,0.0
844,04/06/23,0.0,0,0,0.0,0.0,0.0,0.0,0.0,0.0,0.0,0.0
845,04/07/23,0.0,0,0,0.0,0.0,0.0,0.0,0.0,0.0,0.0,0.0
846,04/08/23,0.0,0,0,0.0,0.0,0.0,0.0,0.0,0.0,0.0,0.0
847,04/09/23,0.0,0,0,0.0,0.0,0.0,0.0,0.0,0.0,0.0,0.0
848,04/10/23,0.0,0,0,0.0,0.0,0.0,0.0,0.0,0.0,0.0,0.0
849,04/11/23,0.0,0,0,0.0,0.0,0.0,0.0,0.0,0.0,0.0,0.0
850,04/12/23,0.0,0,0,0.0,0.0,0.0,0.0,0.0,0.0,0.0,0.0
851,04/13/23,0.0,0,0,0.0,0.0,0.0,0.0,0.0,0.0,0.0,0.0
852,04/14/23,0.0,0,0,0.0,0.0,0.0,0.0,0.0,0.0,0.0,0.0
853,04/15/23,0.0,0,0,0.0,0.0,0.0,0.0,0.0,0.0,0.0,0.0
854,04/16/23,0.0,0,0,0.0,0.0,0.0,0.0,0.0,0.0,0.0,0.0
855,04/17/23,0.0,0,0,0.0,0.0,0.0,0.0,0.0,0.0,0.0,0.0
856,04/18/23,0.0,0,0,0.0,0.0,0.0,0.0,0.0,0.0,0.0,0.0
857,04/19/23,5.0089874830501654e-05,0,0,15.785028218771537,2.3392337159993293,128.61916678013256,23.7777525290626,43.461468825094485,19.10933020780817,0.0,0.0
858,04/20/23,0.0,0,0,0.0,0.0,0.0,0.0,0.0,0.0,0.0,0.0
859,04/21/23,0.0,0,0,0.0,0.0,0.0,0.0,0.0,0.0,0.0,0.0
860,04/22/23,0.0,0,0,0.0,0.0,0.0,0.0,0.0,0.0,0.0,0.0
861,04/23/23,0.0,0,0,0.0,0.0,0.0,0.0,0.0,0.0,0.0,0.0
862,04/24/23,0.0,0,0,0.0,0.0,0.0,0.0,0.0,0.0,0.0,0.0
863,04/25/23,0.0,0,0,0.0,0.0,0.0,0.0,0.0,0.0,0.0,0.0
864,04/26/23,0.0002790399153545078,0,0,18.942033862525843,2.807080459199195,401.59571062151093,74.24277160973132,135.702476500295,59.6662630961099,338.4618411795177,267.0870927754283
865,04/27/23,0.0,0,0,0.0,0.0,0.0,0.0,0.0,0.0,0.0,0.0
866,04/28/23,0.0,0,0,0.0,0.0,0.0,0.0,0.0,0.0,0.0,0.0
867,04/29/23,0.0,0,0,0.0,0.0,0.0,0.0,0.0,0.0,0.0,0.0
868,04/30/23,0.0,0,0,0.0,0.0,0.0,0.0,0.0,0.0,0.0,0.0
869,05/01/23,0.0,0,0,0.0,0.0,0.0,0.0,0.0,0.0,0.0,0.0
870,05/02/23,0.0,0,0,0.0,0.0,0.0,0.0,0.0,0.0,0.0,0.0
871,05/03/23,0.00012704163050520216,0,0,0.0,0.0,129.70456059262312,23.97840866854836,43.82823227509528,19.2705903783382,209.26668264510093,165.13657695548974
872,05/04/23,0.0,0,0,0.0,0.0,0.0,0.0,0.0,0.0,0.0,0.0
873,05/05/23,0.0,0,0,0.0,0.0,0.0,0.0,0.0,0.0,0.0,0.0
874,05/06/23,0.0,0,0,0.0,0.0,0.0,0.0,0.0,0.0,0.0,0.0
875,05/07/23,0.0,0,0,0.0,0.0,0.0,0.0,0.0,0.0,0.0,0.0
876,05/08/23,0.0,0,0,0.0,0.0,0.0,0.0,0.0,0.0,0.0,0.0
877,05/09/23,0.0,0,0,0.0,0.0,0.0,0.0,0.0,0.0,0.0,0.0
