,index,date,viral_load
0,0,2020-10-21,514540691117946.56
1,1,2020-10-22,580347729423931.8
2,2,2020-10-23,646154767729917.0
3,3,2020-10-24,711961806035902.1
4,4,2020-10-25,777768844341887.2
5,5,2020-10-26,843575882647872.4
6,6,2020-10-27,909382920953857.6
7,7,2020-10-28,909382920953857.6
8,8,2020-10-29,1076733273647712.6
9,9,2020-10-30,1244083626341567.8
10,10,2020-10-31,1411433979035422.8
11,11,2020-11-01,1578784331729277.8
12,12,2020-11-02,1746134684423133.0
13,13,2020-11-03,1913485037116988.0
14,14,2020-11-04,1913485037116988.0
15,15,2020-11-05,1788680095377529.2
16,16,2020-11-06,1663875153638070.8
17,17,2020-11-07,1539070211898611.8
18,18,2020-11-08,1414265270159153.0
19,19,2020-11-09,1289460328419694.0
20,20,2020-11-10,1164655386680235.2
21,21,2020-11-11,1164655386680235.2
22,22,2020-11-12,1229593820461509.5
23,23,2020-11-13,1294532254242784.0
24,24,2020-11-14,1359470688024058.0
25,25,2020-11-15,1424409121805332.2
26,26,2020-11-16,1489347555586606.5
27,27,2020-11-17,1554285989367880.8
28,28,2020-11-18,1554285989367880.8
29,29,2020-11-19,1755101685669588.0
30,30,2020-11-20,1955917381971295.2
31,31,2020-11-21,2156733078273001.2
32,32,2020-11-22,2357548774574709.0
33,33,2020-11-23,2558364470876415.5
34,34,2020-11-24,2558364470876415.5
35,35,2020-11-25,2390010533441641.0
36,36,2020-11-26,2221656596006868.0
37,37,2020-11-27,2053302658572094.5
38,38,2020-11-28,1884948721137320.0
39,39,2020-11-29,1716594783702546.2
40,40,2020-11-30,1548240846267772.5
41,41,2020-12-01,1379886908832998.5
42,42,2020-12-02,1379886908832998.5
43,43,2020-12-03,1399873639566446.2
44,44,2020-12-04,1419860370299894.0
45,45,2020-12-05,1439847101033341.5
46,46,2020-12-06,1459833831766789.0
47,47,2020-12-07,1479820562500236.8
48,48,2020-12-08,1499807293233684.5
49,49,2020-12-09,1539546079799627.5
50,50,2020-12-10,1504192699293131.0
51,51,2020-12-11,1468839318786634.5
52,52,2020-12-12,1433485938280138.0
53,53,2020-12-13,1398132557773641.0
54,54,2020-12-14,1362779177267144.8
55,55,2020-12-15,1327425796760648.0
56,56,2020-12-16,1327425796760648.0
57,57,2020-12-17,1269757266622959.0
58,58,2020-12-18,1212088736485269.2
59,59,2020-12-19,1154420206347580.0
60,60,2020-12-20,1188255668950105.2
61,61,2020-12-21,1799155839724508.5
62,62,2020-12-22,1799155839724508.5
63,63,2020-12-23,1769565132191961.5
64,64,2020-12-24,1739974424659414.0
65,65,2020-12-25,1710383717126866.8
66,66,2020-12-26,1680793009594319.5
67,67,2020-12-27,1680793009594319.5
68,68,2020-12-28,1615756993255678.0
69,69,2020-12-29,1615756993255678.0
70,70,2020-12-30,1481367363977956.2
71,71,2020-12-31,1346977734700234.5
72,72,2021-01-01,1212588105422512.5
73,73,2021-01-02,1078198476144790.8
74,74,2021-01-03,1078198476144790.8
75,75,2021-01-04,1498246358528138.0
76,76,2021-01-05,1498246358528138.0
77,77,2021-01-06,1540739770869682.0
78,78,2021-01-07,1583233183211226.2
79,79,2021-01-08,1625726595552770.5
80,80,2021-01-09,1668220007894314.5
81,81,2021-01-10,1668220007894314.5
82,82,2021-01-11,1143297444458709.5
83,83,2021-01-12,1143297444458709.5
84,84,2021-01-13,1206490269108350.5
85,85,2021-01-14,1269683093757991.5
86,86,2021-01-15,1332875918407632.2
87,87,2021-01-16,1396068743057273.0
88,88,2021-01-17,1459261567706914.0
89,89,2021-01-18,1459261567706914.0
90,90,2021-01-19,1092099146273220.0
91,91,2021-01-20,1078763464014609.0
92,92,2021-01-21,1065427781755998.2
93,93,2021-01-22,1052092099497387.4
94,94,2021-01-23,1038756417238776.4
95,95,2021-01-24,1038756417238776.4
96,96,2021-01-25,1123516256603327.8
97,97,2021-01-26,1123516256603327.8
98,98,2021-01-27,1133626681769450.8
99,99,2021-01-28,1143737106935573.8
100,100,2021-01-29,1153847532101697.0
101,101,2021-01-30,1163957957267820.0
102,102,2021-01-31,1163957957267820.0
103,103,2021-02-01,971712588541878.8
104,104,2021-02-02,971712588541878.8
105,105,2021-02-03,922494577619726.4
106,106,2021-02-04,873276566697574.5
107,107,2021-02-05,824058555775422.5
108,108,2021-02-06,774840544853270.4
109,109,2021-02-07,774840544853270.4
110,110,2021-02-08,472494601539540.1
111,111,2021-02-09,472494601539540.1
112,112,2021-02-10,483065229857332.9
113,113,2021-02-11,493635858175125.5
114,114,2021-02-12,504206486492918.1
115,115,2021-02-13,514777114810710.9
116,116,2021-02-14,525347743128503.5
117,117,2021-02-15,525347743128503.5
118,118,2021-02-16,783726325275144.2
119,119,2021-02-17,717771374182417.5
120,120,2021-02-18,651816423089690.8
121,121,2021-02-19,585861471996963.9
122,122,2021-02-20,519906520904237.1
123,123,2021-02-21,519906520904237.1
124,124,2021-02-22,1240922654707643.0
125,125,2021-02-23,1240922654707643.0
126,126,2021-02-24,1097214832215197.8
127,127,2021-02-25,953507009722752.8
128,128,2021-02-26,809799187230307.8
129,129,2021-02-27,666091364737862.9
130,130,2021-02-28,666091364737862.9
131,131,2021-03-01,450671977108897.06
132,132,2021-03-02,450671977108897.06
133,133,2021-03-03,455685346270615.8
134,134,2021-03-04,460698715432334.56
135,135,2021-03-05,465712084594053.3
136,136,2021-03-06,470725453755772.0
137,137,2021-03-07,470725453755772.0
138,138,2021-03-08,451016981807612.5
139,139,2021-03-09,451016981807612.5
140,140,2021-03-10,440609573424686.4
141,141,2021-03-11,430202165041760.25
142,142,2021-03-12,419794756658834.1
143,143,2021-03-13,409387348275908.06
144,144,2021-03-14,409387348275908.06
145,145,2021-03-15,504660135563543.0
146,146,2021-03-16,504660135563543.0
147,147,2021-03-17,557884331238406.5
148,148,2021-03-18,611108526913270.0
149,149,2021-03-19,664332722588133.5
150,150,2021-03-20,717556918262997.0
151,151,2021-03-21,717556918262997.0
152,152,2021-03-22,636014038641644.1
153,153,2021-03-23,636014038641644.1
154,154,2021-03-24,600887758875158.9
155,155,2021-03-25,565761479108673.5
156,156,2021-03-26,530635199342188.2
157,157,2021-03-27,495508919575703.0
158,158,2021-03-28,495508919575703.0
159,159,2021-03-29,791763068101258.8
160,160,2021-03-30,791763068101258.8
161,161,2021-03-31,774393787358892.0
162,162,2021-04-01,757024506616525.0
163,163,2021-04-02,739655225874158.2
164,164,2021-04-03,722285945131791.5
165,165,2021-04-04,722285945131791.5
166,166,2021-04-05,791087782337271.5
167,167,2021-04-06,791087782337271.5
168,168,2021-04-07,799888090453421.1
169,169,2021-04-08,808688398569570.8
170,170,2021-04-09,817488706685720.2
171,171,2021-04-10,826289014801869.8
172,172,2021-04-11,826289014801869.8
173,173,2021-04-12,620563962093077.1
174,174,2021-04-13,620563962093077.1
175,175,2021-04-14,623329653629812.8
176,176,2021-04-15,626095345166548.5
177,177,2021-04-16,628861036703284.2
178,178,2021-04-17,631626728240020.0
179,179,2021-04-18,631626728240020.0
180,180,2021-04-19,493970440889565.7
181,181,2021-04-20,493970440889565.7
182,182,2021-04-21,595738505824090.4
183,183,2021-04-22,697506570758615.0
184,184,2021-04-23,799274635693139.6
185,185,2021-04-24,901042700627664.2
186,186,2021-04-25,901042700627664.2
187,187,2021-04-26,759647342567221.9
188,188,2021-04-27,759647342567221.9
189,189,2021-04-28,875647095802888.5
190,190,2021-04-29,991646849038555.4
191,191,2021-04-30,1107646602274222.2
192,192,2021-05-01,1223646355509889.0
193,193,2021-05-02,1223646355509889.0
194,194,2021-05-03,680497303005702.0
195,195,2021-05-04,680497303005702.0
196,196,2021-05-05,683466075429524.0
197,197,2021-05-06,686434847853345.8
198,198,2021-05-07,689403620277167.9
199,199,2021-05-08,692372392700989.9
200,200,2021-05-09,692372392700989.9
201,201,2021-05-10,580516714506971.5
202,202,2021-05-11,580516714506971.5
203,203,2021-05-12,540634132204618.9
204,204,2021-05-13,500751549902266.4
205,205,2021-05-14,460868967599913.8
206,206,2021-05-15,420986385297561.25
207,207,2021-05-16,411288410968019.4
208,208,2021-05-17,458933504661480.1
209,209,2021-05-18,458933504661480.1
210,210,2021-05-19,518195215518224.2
211,211,2021-05-20,577456926374968.2
212,212,2021-05-21,636718637231712.2
213,213,2021-05-22,695980348088456.2
214,214,2021-05-23,695980348088456.2
215,215,2021-05-24,561704438169983.4
216,216,2021-05-25,561704438169983.4
217,217,2021-05-26,506185162122284.25
218,218,2021-05-27,450665886074585.0
219,219,2021-05-28,395146610026885.75
220,220,2021-05-29,339627333979186.56
221,221,2021-05-30,284108057931487.4
222,222,2021-05-31,284108057931487.4
223,223,2021-06-01,368101970607170.2
224,224,2021-06-02,336315090248550.75
225,225,2021-06-03,304528209889931.4
226,226,2021-06-04,272741329531311.97
227,227,2021-06-05,240954449172692.5
228,228,2021-06-06,240954449172692.5
229,229,2021-06-07,309177862791982.8
230,230,2021-06-08,309177862791982.8
231,231,2021-06-09,337332169156405.0
232,232,2021-06-10,365486475520827.1
233,233,2021-06-11,393640781885249.25
234,234,2021-06-12,421795088249671.4
235,235,2021-06-13,427537688026780.6
236,236,2021-06-14,426823723116633.6
237,237,2021-06-15,432566322893742.9
238,238,2021-06-16,459356764628848.0
239,239,2021-06-17,486147206363953.1
240,240,2021-06-18,512937648099058.3
241,241,2021-06-19,539728089834163.4
242,242,2021-06-20,545470689611272.8
243,243,2021-06-21,315045233648045.6
244,244,2021-06-22,315045233648045.6
245,245,2021-06-23,262670691645412.88
246,246,2021-06-24,210296149642780.1
247,247,2021-06-25,157921607640147.4
248,248,2021-06-26,105547065637514.69
249,249,2021-06-27,105547065637514.69
250,250,2021-06-28,71966100631617.67
251,251,2021-06-29,17869690839091.867
252,252,2021-06-30,31323200919757.344
253,253,2021-07-01,44776711000422.81
254,254,2021-07-02,58230221081088.29
255,255,2021-07-03,71683731161753.75
256,256,2021-07-04,85137241242419.23
257,257,2021-07-05,85137241242419.23
258,258,2021-07-06,271447957202058.0
259,259,2021-07-07,253116431422837.6
260,260,2021-07-08,234784905643617.03
261,261,2021-07-09,216453379864396.53
262,262,2021-07-10,198121854085176.03
263,263,2021-07-11,198121854085176.03
264,264,2021-07-12,251822307263858.72
265,265,2021-07-13,251822307263858.72
266,266,2021-07-14,352761618707129.75
267,267,2021-07-15,453700930150400.8
268,268,2021-07-16,554640241593671.75
269,269,2021-07-17,655579553036942.9
270,270,2021-07-18,655579553036942.9
271,271,2021-07-19,249312567039016.75
272,272,2021-07-20,249312567039016.75
273,273,2021-07-21,261011788187147.2
274,274,2021-07-22,272711009335277.6
275,275,2021-07-23,284410230483407.94
276,276,2021-07-24,296109451631538.4
277,277,2021-07-25,296109451631538.4
278,278,2021-07-26,314378453196784.06
279,279,2021-07-27,314378453196784.06
280,280,2021-07-28,380812901510474.3
281,281,2021-07-29,447247349824164.6
282,282,2021-07-30,513681798137854.9
283,283,2021-07-31,580116246451545.2
284,284,2021-08-01,580116246451545.2
285,285,2021-08-02,509047327752374.3
286,286,2021-08-03,509047327752374.3
287,287,2021-08-04,588619126776144.2
288,288,2021-08-05,668190925799914.2
289,289,2021-08-06,747762724823684.2
290,290,2021-08-07,827334523847454.2
291,291,2021-08-08,827334523847454.2
292,292,2021-08-09,630024821394214.0
293,293,2021-08-10,630024821394214.0
294,294,2021-08-11,627516967806303.5
295,295,2021-08-12,625009114218393.0
296,296,2021-08-13,622501260630482.5
297,297,2021-08-14,619993407042572.0
298,298,2021-08-15,619248289429706.0
299,299,2021-08-16,497904498460199.25
300,300,2021-08-17,497904498460199.25
301,301,2021-08-18,542458601680377.6
302,302,2021-08-19,587012704900556.0
303,303,2021-08-20,631566808120734.2
304,304,2021-08-21,676120911340912.8
305,305,2021-08-22,676120911340912.8
306,306,2021-08-23,832109095296686.8
307,307,2021-08-24,832109095296686.8
308,308,2021-08-25,785168767888210.2
309,309,2021-08-26,738228440479733.9
310,310,2021-08-27,691288113071257.5
311,311,2021-08-28,644347785662781.0
312,312,2021-08-29,644347785662781.0
313,313,2021-08-30,510124017456977.5
314,314,2021-08-31,510124017456977.5
315,315,2021-09-01,565513981375984.0
316,316,2021-09-02,620903945294990.5
317,317,2021-09-03,676293909213997.0
318,318,2021-09-04,731683873133003.5
319,319,2021-09-05,787073837052010.0
320,320,2021-09-06,787073837052010.0
321,321,2021-09-07,552138971276313.1
322,322,2021-09-08,620545353573391.9
323,323,2021-09-09,688951735870470.8
324,324,2021-09-10,757358118167549.5
325,325,2021-09-11,825764500464628.2
326,326,2021-09-12,825764500464628.2
327,327,2021-09-13,827471170720908.9
328,328,2021-09-14,827471170720908.9
329,329,2021-09-15,853790359229136.4
330,330,2021-09-16,880109547737363.8
331,331,2021-09-17,906428736245591.2
332,332,2021-09-18,932747924753818.8
333,333,2021-09-19,932747924753818.8
334,334,2021-09-20,508074196232491.7
335,335,2021-09-21,508074196232491.7
336,336,2021-09-22,539175350400112.25
337,337,2021-09-23,570276504567732.8
338,338,2021-09-24,601377658735353.2
339,339,2021-09-25,632478812902973.8
340,340,2021-09-26,632478812902973.8
341,341,2021-09-27,777447058436133.8
342,342,2021-09-28,777447058436133.8
343,343,2021-09-29,713644533637228.5
344,344,2021-09-30,649842008838323.2
345,345,2021-10-01,586039484039418.0
346,346,2021-10-02,522236959240512.8
347,347,2021-10-03,522236959240512.8
348,348,2021-10-04,437685199162755.75
349,349,2021-10-05,437685199162755.75
350,350,2021-10-06,461876266022464.94
351,351,2021-10-07,486067332882174.06
352,352,2021-10-08,510258399741883.25
353,353,2021-10-09,534449466601592.4
354,354,2021-10-10,534449466601592.4
355,355,2021-10-11,486310352375152.25
356,356,2021-10-12,486310352375152.25
357,357,2021-10-13,473423526553952.1
358,358,2021-10-14,460536700732751.9
359,359,2021-10-15,447649874911551.75
360,360,2021-10-16,434763049090351.6
361,361,2021-10-17,434763049090351.6
362,362,2021-10-18,517392842860098.8
363,363,2021-10-19,517392842860098.8
364,364,2021-10-20,521031246198662.9
365,365,2021-10-21,524669649537226.8
366,366,2021-10-22,528308052875790.9
367,367,2021-10-23,531946456214355.0
368,368,2021-10-24,531946456214355.0
369,369,2021-10-25,421274769125862.5
370,370,2021-10-26,421274769125862.5
371,371,2021-10-27,414167415444935.4
372,372,2021-10-28,407060061764008.2
373,373,2021-10-29,399952708083081.06
374,374,2021-10-30,392845354402154.0
375,375,2021-10-31,392845354402154.0
376,376,2021-11-01,487214632265058.9
377,377,2021-11-02,487214632265058.9
378,378,2021-11-03,510578421293492.0
379,379,2021-11-04,533942210321925.1
380,380,2021-11-05,557305999350358.3
381,381,2021-11-06,580669788378791.4
382,382,2021-11-07,580669788378791.4
383,383,2021-11-08,692269347148668.8
384,384,2021-11-09,692269347148668.8
385,385,2021-11-10,725293036284880.8
386,386,2021-11-11,758316725421092.8
387,387,2021-11-12,791340414557304.8
388,388,2021-11-13,824364103693516.9
389,389,2021-11-14,824364103693516.9
390,390,2021-11-15,601639423509699.2
391,391,2021-11-16,601639423509699.2
392,0,2021-11-17,998838516996525.8
393,1,2021-11-18,1058240239511638.4
394,2,2021-11-19,1117641962026751.0
395,3,2021-11-20,1177043684541863.8
396,4,2021-11-21,1236445407056976.5
397,5,2021-11-22,1236445407056976.5
398,6,2021-11-23,849680109623433.2
399,7,2021-11-24,849680109623433.2
400,8,2021-11-25,813954268646989.5
401,9,2021-11-26,778228427670545.6
402,10,2021-11-27,742502586694101.8
403,11,2021-11-28,706776745717658.0
404,12,2021-11-29,706776745717658.0
405,13,2021-11-30,1499784629790997.5
406,14,2021-12-01,1499784629790997.5
407,15,2021-12-02,1438915221032859.5
408,16,2021-12-03,1378045812274721.5
409,17,2021-12-04,1317176403516583.5
410,18,2021-12-05,1256306994758445.5
411,19,2021-12-06,1256306994758445.5
412,20,2021-12-07,1298802600228908.2
413,21,2021-12-08,1298802600228908.2
414,22,2021-12-09,1278253552451327.2
415,23,2021-12-10,1257704504673746.5
416,24,2021-12-11,1237155456896165.5
417,25,2021-12-12,1216606409118584.5
418,26,2021-12-13,1216606409118584.5
419,27,2021-12-14,1394952588792235.0
420,28,2021-12-15,1394952588792235.0
421,29,2021-12-16,1503209778857025.5
422,30,2021-12-17,1611466968921816.2
423,31,2021-12-18,1719724158986607.0
424,32,2021-12-19,1827981349051398.0
425,33,2021-12-20,1827981349051398.0
426,34,2021-12-21,1866976499959730.5
427,35,2021-12-22,1866976499959730.5
428,36,2021-12-23,1880836415660569.5
429,37,2021-12-24,1894696331361408.8
430,38,2021-12-25,1908556247062248.0
431,39,2021-12-26,1922416162763087.5
432,40,2021-12-27,1922416162763087.5
433,41,2021-12-28,2214315916468672.0
434,42,2021-12-29,2214315916468672.0
435,43,2021-12-30,2097574872526379.5
436,44,2021-12-31,1980833828584086.8
437,45,2022-01-01,1864092784641794.0
438,46,2022-01-02,1843407021137356.5
439,47,2022-01-03,1970426661228912.8
440,48,2022-01-04,2097446301320469.2
441,49,2022-01-05,2097446301320469.2
442,50,2022-01-06,2098310432648119.5
443,51,2022-01-07,2099174563975768.5
444,52,2022-01-08,2100038695303418.5
445,53,2022-01-09,2100902826631068.0
446,54,2022-01-10,2100902826631068.0
447,55,2022-01-11,1884948588788249.5
448,56,2022-01-12,1884948588788249.5
449,57,2022-01-13,1831238307912651.2
450,58,2022-01-14,1777528027037052.5
451,59,2022-01-15,1723817746161454.0
452,60,2022-01-16,1670107465285855.5
453,61,2022-01-17,1616397184410256.8
454,62,2022-01-18,1616397184410256.8
455,63,2022-01-19,1353945669338593.0
456,64,2022-01-20,1325576777977577.0
457,65,2022-01-21,1297207886616561.2
458,66,2022-01-22,1268838995255545.5
459,67,2022-01-23,1268838995255545.5
460,68,2022-01-24,1311691711756352.0
461,69,2022-01-25,1311691711756352.0
462,70,2022-01-26,1221982945032710.2
463,71,2022-01-27,1132274178309068.2
464,72,2022-01-28,1042565411585426.4
465,73,2022-01-29,952856644861784.6
466,74,2022-01-30,952856644861784.6
467,75,2022-01-31,1188068663206298.2
468,76,2022-02-01,1211323737535466.0
469,77,2022-02-02,1177339515436501.5
470,78,2022-02-03,1143355293337537.0
471,79,2022-02-04,1109371071238572.4
472,80,2022-02-05,1075386849139608.2
473,81,2022-02-06,1075386849139608.2
474,82,2022-02-07,833274553422531.9
475,83,2022-02-08,833274553422531.9
476,84,2022-02-09,782140296689407.4
477,85,2022-02-10,731006039956282.9
478,86,2022-02-11,679871783223158.4
479,87,2022-02-12,628737526490034.1
480,88,2022-02-13,628737526490034.1
481,89,2022-02-14,319443294342805.4
482,90,2022-02-15,319443294342805.4
483,91,2022-02-16,306355097132992.6
484,92,2022-02-17,293266899923179.8
485,93,2022-02-18,280178702713367.0
486,94,2022-02-19,267090505503554.1
487,95,2022-02-20,254002308293741.28
488,96,2022-02-21,254002308293741.28
489,97,2022-02-22,262325629500780.7
490,98,2022-02-23,253180832111638.62
491,99,2022-02-24,244036034722496.7
492,100,2022-02-25,234891237333354.62
493,101,2022-02-26,225746439944212.62
494,102,2022-02-27,225746439944212.62
495,103,2022-02-28,253195813988547.72
496,104,2022-03-01,253195813988547.72
497,105,2022-03-02,260222179013194.56
498,106,2022-03-03,267248544037841.3
499,107,2022-03-04,274274909062488.1
500,108,2022-03-05,281301274087134.97
501,109,2022-03-06,281301274087134.97
502,110,2022-03-07,220837535757668.56
503,111,2022-03-08,220837535757668.56
504,112,2022-03-09,220680848955823.6
505,113,2022-03-10,220524162153978.62
506,114,2022-03-11,220367475352133.6
507,115,2022-03-12,220210788550288.7
508,116,2022-03-13,220210788550288.7
509,117,2022-03-14,140200601225757.23
510,118,2022-03-15,140200601225757.23
511,119,2022-03-16,161280607953444.53
512,120,2022-03-17,182360614681131.8
513,121,2022-03-18,203440621408819.12
514,122,2022-03-19,224520628136506.44
515,123,2022-03-20,224520628136506.44
516,124,2022-03-21,279314800391254.6
517,125,2022-03-22,279314800391254.6
518,126,2022-03-23,267117345203304.8
519,127,2022-03-24,254919890015354.97
520,128,2022-03-25,242722434827405.2
521,129,2022-03-26,230524979639455.4
522,130,2022-03-27,230524979639455.4
523,131,2022-03-28,278692633262190.25
524,132,2022-03-29,278692633262190.25
525,133,2022-03-30,271373113624632.7
526,134,2022-03-31,264053593987075.2
527,135,2022-04-01,256734074349517.6
528,136,2022-04-02,249414554711960.1
529,137,2022-04-03,249414554711960.1
530,138,2022-04-04,275374953333145.3
531,139,2022-04-05,275374953333145.3
532,140,2022-04-06,285223960205435.94
533,141,2022-04-07,295072967077726.56
534,142,2022-04-08,304921973950017.2
535,143,2022-04-09,314770980822307.9
536,144,2022-04-10,314770980822307.9
537,145,2022-04-11,376645417949901.3
538,146,2022-04-12,376645417949901.3
539,147,2022-04-13,292075231236346.0
540,148,2022-04-14,292075231236346.0
541,149,2022-04-15,314630111367789.5
542,150,2022-04-16,337184991499232.9
543,151,2022-04-17,337184991499232.9
544,152,2022-04-18,442539729260249.0
545,153,2022-04-19,442539729260249.0
546,154,2022-04-20,429726673216772.8
547,155,2022-04-21,429726673216772.8
548,156,2022-04-22,479463156606813.6
549,157,2022-04-23,529199639996854.3
550,158,2022-04-24,529199639996854.3
551,159,2022-04-25,371881817572973.6
552,160,2022-04-26,371881817572973.6
553,161,2022-04-27,437810459497242.3
554,162,2022-04-28,437810459497242.3
555,163,2022-04-29,401846736128360.8
556,164,2022-04-30,365883012759479.5
557,165,2022-05-01,365883012759479.5
558,166,2022-05-02,301258470803498.6
559,167,2022-05-03,301258470803498.6
560,168,2022-05-04,432014487067688.94
561,169,2022-05-05,432014487067688.94
562,170,2022-05-06,437989786879506.8
563,171,2022-05-07,443965086691324.8
564,172,2022-05-08,443965086691324.8
565,173,2022-05-09,427639924182868.9
566,174,2022-05-10,411314761674413.1
567,175,2022-05-11,411314761674413.1
568,176,2022-05-12,467317763223955.4
569,177,2022-05-13,475835504306313.75
570,178,2022-05-14,484353245388672.1
571,179,2022-05-15,484353245388672.1
572,180,2022-05-16,443068653602162.8
573,181,2022-05-17,443068653602162.8
574,182,2022-05-18,425224556268215.25
575,183,2022-05-19,425224556268215.25
576,184,2022-05-20,430590980256005.6
577,185,2022-05-21,435957404243796.1
578,186,2022-05-22,435957404243796.1
579,187,2022-05-23,483288107868665.9
580,188,2022-05-24,506301676078974.8
581,189,2022-05-25,501102780136736.8
582,190,2022-05-26,510558255643963.9
583,191,2022-05-27,515963079729954.0
584,192,2022-05-28,521367903815944.1
585,193,2022-05-29,521214701329919.0
586,194,2022-05-30,534818404150105.1
587,195,2022-05-31,594311376456784.5
588,196,2022-06-01,450456617883128.25
589,197,2022-06-02,469752001259519.1
590,198,2022-06-03,478166824996326.7
591,199,2022-06-04,486581648733134.4
592,200,2022-06-05,486581648733134.4
593,201,2022-06-06,490847290946098.06
594,202,2022-06-07,468586107436198.3
595,203,2022-06-08,384252038020835.1
596,204,2022-06-09,411689866263031.0
597,205,2022-06-10,409164549018021.0
598,206,2022-06-11,406639231773011.0
599,207,2022-06-12,406639231773011.0
600,208,2022-06-13,495983255735939.4
601,209,2022-06-14,454176346654077.5
602,210,2022-06-15,432528820412810.3
603,211,2022-06-16,370268804460580.0
604,212,2022-06-17,514146151782742.0
605,213,2022-06-18,658023499104904.0
606,214,2022-06-19,658023499104904.0
607,215,2022-06-20,462908725879094.4
608,216,2022-06-21,476674264326093.9
609,217,2022-06-22,407658324347828.5
610,218,2022-06-23,420944753745664.0
611,219,2022-06-24,488090549653313.75
612,220,2022-06-25,555236345560963.5
613,221,2022-06-26,555236345560963.5
614,222,2022-06-27,496185738245193.25
615,223,2022-06-28,535509108797187.1
616,224,2022-06-29,495957322429157.1
617,225,2022-06-30,443276734437065.4
618,226,2022-07-01,399782758249825.4
619,227,2022-07-02,356288782062585.44
620,228,2022-07-03,356288782062585.44
621,229,2022-07-04,620397603323779.9
622,230,2022-07-05,444063772282107.5
623,231,2022-07-06,428059484300467.3
624,232,2022-07-07,437272538321448.5
625,233,2022-07-08,443312047955921.8
626,234,2022-07-09,449351557590395.1
627,235,2022-07-10,449351557590395.1
628,236,2022-07-11,422028055448626.1
629,237,2022-07-12,514358921515895.6
630,238,2022-07-13,471885342208538.3
631,239,2022-07-14,497206918505560.5
632,240,2022-07-15,475918908327637.6
633,241,2022-07-16,454630898149714.7
634,242,2022-07-17,454630898149714.7
635,243,2022-07-18,418892225047588.5
636,244,2022-07-19,478992914456843.75
637,245,2022-07-20,511624566656396.06
638,246,2022-07-21,496880164163951.75
639,247,2022-07-22,483140004420337.4
640,248,2022-07-23,469399844676722.9
641,249,2022-07-24,469399844676722.9
642,250,2022-07-25,414220105410442.8
643,251,2022-07-26,430401268341249.1
644,252,2022-07-27,459809055923921.9
645,253,2022-07-28,502790706603642.3
646,254,2022-07-29,506195912351780.94
647,255,2022-07-30,509601118099919.7
648,256,2022-07-31,509751226022748.1
649,257,2022-08-01,497124913095133.5
650,258,2022-08-02,476788955402796.5
651,259,2022-08-03,622885223023439.8
652,260,2022-08-04,619071690543123.4
653,261,2022-08-05,585251412916733.4
654,262,2022-08-06,551431135290343.4
655,263,2022-08-07,551431135290343.4
656,264,2022-08-08,551579498636772.5
657,265,2022-08-09,551579498636772.5
658,266,2022-08-10,513905033390720.25
659,267,2022-08-11,513905033390720.25
660,268,2022-08-12,540642124769705.4
661,269,2022-08-13,567379216148690.6
662,270,2022-08-14,567379216148690.6
663,271,2022-08-15,524238006180571.5
664,272,2022-08-16,524238006180571.5
665,273,2022-08-17,514672142239752.2
666,274,2022-08-18,514672142239752.2
667,275,2022-08-19,486606911801973.3
668,276,2022-08-20,458541681364194.5
669,277,2022-08-21,451890936454343.1
670,278,2022-08-22,496014673498701.5
671,279,2022-08-23,499023566133535.8
672,280,2022-08-24,481816845278566.6
673,281,2022-08-25,481816845278566.6
674,282,2022-08-26,473881864531863.0
675,283,2022-08-27,465946883785159.4
676,284,2022-08-28,465946883785159.4
677,285,2022-08-29,469897849986241.06
678,286,2022-08-30,469897849986241.06
679,287,2022-08-31,445812080683957.2
680,288,2022-09-01,445812080683957.2
681,289,2022-09-02,460128256706811.5
682,290,2022-09-03,474444432729665.94
683,291,2022-09-04,474444432729665.94
684,292,2022-09-05,467179523807242.0
685,293,2022-09-06,467179523807242.0
686,294,2022-09-07,445877342112182.5
687,295,2022-09-08,445877342112182.5
688,296,2022-09-09,430142692935917.4
689,297,2022-09-10,414408043759652.25
690,298,2022-09-11,414408043759652.25
691,299,2022-09-12,378170641103020.0
692,300,2022-09-13,378170641103020.0
693,301,2022-09-14,419287188702358.1
694,302,2022-09-15,419287188702358.1
695,303,2022-09-16,384647503288559.2
696,304,2022-09-17,350007817874760.2
697,305,2022-09-18,350007817874760.2
698,306,2022-09-19,336450547653905.2
699,307,2022-09-20,336450547653905.2
700,308,2022-09-21,318993566335510.0
701,309,2022-09-22,318993566335510.0
702,310,2022-09-23,343128591995963.8
703,311,2022-09-24,367263617656417.6
704,312,2022-09-25,367263617656417.6
705,313,2022-09-26,311459919402299.6
706,314,2022-09-27,311459919402299.6
707,315,2022-09-28,411561021014447.5
708,316,2022-09-29,411561021014447.5
709,317,2022-09-30,399328694876289.5
710,318,2022-10-01,387096368738131.4
711,319,2022-10-02,387096368738131.4
712,320,2022-10-03,425799232487650.6
713,321,2022-10-04,425799232487650.6
714,322,2022-10-05,418052670707952.1
715,323,2022-10-06,418052670707952.1
716,324,2022-10-07,389359090320086.2
717,325,2022-10-08,360665509932220.2
718,326,2022-10-09,360665509932220.2
719,327,2022-10-10,343360896153292.4
720,328,2022-10-11,343360896153292.4
721,329,2022-10-12,448548648158879.0
722,330,2022-10-13,448548648158879.0
723,331,2022-10-14,430866632797829.4
724,332,2022-10-15,413184617436779.9
725,333,2022-10-16,413184617436779.9
726,334,2022-10-17,373430171125006.56
727,335,2022-10-18,373430171125006.56
728,336,2022-10-19,413386109490749.75
729,337,2022-10-20,413386109490749.75
730,338,2022-10-21,381536737488333.4
731,339,2022-10-22,349687365485916.9
732,340,2022-10-23,349687365485916.9
733,341,2022-10-24,436876707105377.0
734,342,2022-10-25,436876707105377.0
735,343,2022-10-26,437280742393270.6
736,344,2022-10-27,437280742393270.6
737,345,2022-10-28,466336501610508.0
738,346,2022-10-29,495392260827745.5
739,347,2022-10-30,495392260827745.5
740,348,2022-10-31,473743950296812.4
741,349,2022-11-01,473743950296812.4
742,350,2022-11-02,382190421579775.25
743,351,2022-11-03,382190421579775.25
744,352,2022-11-04,315218755005207.8
745,353,2022-11-05,248247088430640.44
746,354,2022-11-06,248247088430640.44
747,355,2022-11-07,347234044905585.75
748,356,2022-11-08,347234044905585.75
749,357,2022-11-09,461123828539787.3
750,358,2022-11-10,461123828539787.3
751,359,2022-11-11,460742536041325.6
752,360,2022-11-12,460361243542863.75
753,361,2022-11-13,460361243542863.75
754,362,2022-11-14,439939327704263.5
755,363,2022-11-15,439939327704263.5
756,364,2022-11-16,446250598311595.6
757,365,2022-11-17,446250598311595.6
758,366,2022-11-18,483829989799633.6
759,367,2022-11-19,521409381287671.8
760,368,2022-11-20,521409381287671.8
761,369,2022-11-21,562409803830335.6
762,370,2022-11-22,562409803830335.6
763,371,2022-11-23,595135698077910.5
764,372,2022-11-24,595135698077910.5
765,373,2022-11-25,640848940065022.5
766,374,2022-11-26,686562182052134.6
767,375,2022-11-27,686562182052134.6
768,376,2022-11-28,628956417249379.0
769,377,2022-11-29,628956417249379.0
770,378,2022-11-30,646442420517347.5
771,379,2022-12-01,646442420517347.5
772,380,2022-12-02,666669278999978.5
773,381,2022-12-03,686896137482609.5
774,382,2022-12-04,686896137482609.5
775,383,2022-12-05,704882823166666.0
776,384,2022-12-06,704882823166666.0
777,385,2022-12-07,618801927451534.4
778,386,2022-12-08,618801927451534.4
779,387,2022-12-09,612000537840801.4
780,388,2022-12-10,605199148230068.5
781,389,2022-12-11,605199148230068.5
782,390,2022-12-12,625924841176615.6
783,391,2022-12-13,625924841176615.6
784,392,2022-12-14,492282848255284.9
785,393,2022-12-15,492282848255284.9
786,394,2022-12-16,553757156279320.9
787,395,2022-12-17,615231464303356.9
788,396,2022-12-18,630619218998706.1
789,397,2022-12-19,593381063215497.0
790,398,2022-12-20,587798702221897.6
791,399,2022-12-21,591765417746062.6
792,400,2022-12-22,591765417746062.6
793,401,2022-12-23,599954683571595.0
794,402,2022-12-24,608143949397127.5
795,403,2022-12-25,608143949397127.5
796,404,2022-12-26,526856415056138.4
797,405,2022-12-27,526856415056138.4
798,406,2022-12-28,585480129429908.4
799,407,2022-12-29,585480129429908.4
800,408,2022-12-30,573533396955942.6
801,409,2022-12-31,561586664481976.8
802,410,2023-01-01,561586664481976.8
803,411,2023-01-02,531291246421770.6
804,412,2023-01-03,531291246421770.6
805,413,2023-01-04,474649544359806.0
806,414,2023-01-05,474649544359806.0
807,415,2023-01-06,743963740178157.5
808,416,2023-01-07,1013277935996509.0
809,417,2023-01-08,1013277935996509.0
810,418,2023-01-09,505007676076908.94
811,419,2023-01-10,505007676076908.94
812,420,2023-01-11,422313481317464.8
813,421,2023-01-12,422313481317464.8
814,422,2023-01-13,400449048464646.5
815,423,2023-01-14,378584615611828.4
816,424,2023-01-15,378584615611828.4
817,425,2023-01-16,457598858805488.6
818,426,2023-01-17,457598858805488.6
819,427,2023-01-18,369444687894823.4
820,428,2023-01-19,369444687894823.4
821,429,2023-01-20,405804719306305.6
822,430,2023-01-21,442164750717787.75
823,431,2023-01-22,442164750717787.75
824,432,2023-01-23,475982591658055.4
825,433,2023-01-24,474382131847313.0
826,434,2023-01-25,558426149920240.8
827,435,2023-01-26,558426149920240.8
828,436,2023-01-27,621716750329328.4
829,437,2023-01-28,685007350738416.1
830,438,2023-01-29,685007350738416.1
831,439,2023-01-30,567619273099454.9
832,440,2023-01-31,567619273099454.9
833,441,2023-02-01,517430939275610.4
834,442,2023-02-02,517430939275610.4
835,443,2023-02-03,517596978845960.0
836,444,2023-02-04,517763018416309.6
837,445,2023-02-05,517763018416309.6
838,446,2023-02-06,471295932324052.4
839,447,2023-02-07,471295932324052.4
840,448,2023-02-08,616422127005294.8
841,449,2023-02-09,616422127005294.8
842,450,2023-02-10,526296762720281.6
843,451,2023-02-11,436171398435268.5
844,452,2023-02-12,436171398435268.5
845,453,2023-02-13,473902555363037.2
846,454,2023-02-14,473902555363037.2
847,455,2023-02-15,386330120342038.9
848,456,2023-02-16,386330120342038.9
849,457,2023-02-17,401626842438313.6
850,458,2023-02-18,416923564534588.6
851,459,2023-02-19,417365342125042.5
852,460,2023-02-20,404222140309066.3
853,461,2023-02-21,397430584716837.9
854,462,2023-02-22,350652157135099.3
855,463,2023-02-23,350652157135099.3
856,464,2023-02-24,329762031759773.8
857,465,2023-02-25,308871906384448.25
858,466,2023-02-26,308871906384448.25
859,467,2023-02-27,357696259767858.9
860,468,2023-02-28,357696259767858.9
861,469,2023-03-01,394941007423016.3
862,470,2023-03-02,394941007423016.3
863,471,2023-03-03,402742115943262.3
864,472,2023-03-04,410543224463508.06
865,473,2023-03-05,410543224463508.06
866,474,2023-03-06,336195626100598.8
867,475,2023-03-07,336195626100598.8
868,476,2023-03-08,409895208439578.06
869,477,2023-03-09,409895208439578.06
870,478,2023-03-10,419327542709835.5
871,479,2023-03-11,428759876980092.9
872,480,2023-03-12,428759876980092.9
873,481,2023-03-13,411428433210956.2
874,482,2023-03-14,411428433210956.2
875,483,2023-03-15,521959083001005.6
876,484,2023-03-16,521959083001005.6
877,485,2023-03-17,494246706549845.94
878,486,2023-03-18,466534330098686.1
879,487,2023-03-19,466534330098686.1
880,488,2023-03-20,441215325912594.1
881,489,2023-03-21,441215325912594.1
882,490,2023-03-22,465320254150864.8
883,491,2023-03-23,465320254150864.8
884,492,2023-03-24,387820358085887.9
885,493,2023-03-25,310320462020911.0
886,494,2023-03-26,310320462020911.0
